Date, Time, CO2 saved (lbs), E-Total (kWh), Fac (Hz), Grid Type, h-On (h), h-Total (h), Iac (A), Ipv (A), Mode, Pac (W), Power On, Serial Number, Temperature (degC), Vac (V), Vpv (V), ExlSolIrr (W/m^2), IntSolIrr (W/m^2), SMA-h-On (h), TmpAmb F (°F), TmpMdul F (°F), WindVel m/s (m/s)
29.05.2012, 13:13:34, 5030.847, 2959.319, 60, 208V, 1324.938, 1265.581, 24.12, 15.427, Mpp, 5275, 443, 2001931035, 70.4, 218.7, 358, 911, 995, 2158.435, 87.63, 125.23, 7.6
29.05.2012, 13:13:40, 5030.864, 2959.329, 60, 208V, 1324.94, 1265.583, 24.066, 15.428, Mpp, 5261, 443, 2001931035, 70.4, 218.6, 357, 911, 990, 2158.438, 87.63, 125.23, 7.4
29.05.2012, 13:13:51, 5030.89, 2959.344, 59.99, 208V, 1324.942, 1265.586, 23.942, 15.508, Mpp, 5231, 443, 2001931035, 70.4, 218.5, 353, 911, 987, 2158.44, 87.63, 125.13, 12.2
29.05.2012, 13:13:57, 5030.903, 2959.352, 59.99, 208V, 1324.944, 1265.588, 23.788, 15.086, Mpp, 5202, 443, 2001931035, 70.4, 218.7, 361, 900, 980, 2158.441, 87.53, 125.13, 12.4
29.05.2012, 13:14:03, 5030.919, 2959.361, 59.99, 208V, 1324.946, 1265.59, 23.84, 15.448, Mpp, 5211, 443, 2001931035, 70.4, 218.6, 353, 900, 978, 2158.444, 87.23, 124.83, 7.4
29.05.2012, 13:14:14, 5030.948, 2959.378, 59.99, 208V, 1324.949, 1265.593, 23.876, 15.261, Mpp, 5219, 443, 2001931035, 69.8, 218.6, 358, 911, 980, 2158.446, 87.23, 124.63, 4.5
29.05.2012, 13:14:20, 5030.963, 2959.387, 59.99, 208V, 1324.951, 1265.595, 23.834, 15.609, Mpp, 5207, 443, 2001931035, 70.4, 218.5, 349, 889, 974, 2158.448, 87.33, 124.33, 2.5
29.05.2012, 13:14:28, 5030.982, 2959.398, 59.99, 208V, 1324.953, 1265.597, 21.164, 13.658, Mpp, 4616, 443, 2001931035, 69.8, 218.1, 353, 889, 974, 2158.448, 87.33, 124.33, 2.5
29.05.2012, 13:14:35, 5030.997, 2959.407, 59.99, 208V, 1324.955, 1265.599, 23.174, 14.671, Mpp, 5061, 443, 2001931035, 69.1, 218.4, 361, 835, 901, 2158.452, 87.73, 124.03, 1.2
29.05.2012, 13:14:42, 5031.014, 2959.416, 59.99, 208V, 1324.956, 1265.6, 23.506, 14.778, Mpp, 5138, 443, 2001931035, 69.8, 218.6, 364, 889, 965, 2158.454, 87.83, 124.03, 3.2
29.05.2012, 13:14:42, 5031.014, 2959.416, 59.99, 208V, 1324.956, 1265.6, 23.506, 14.778, Mpp, 5138, 443, 2001931035, 69.8, 218.6, 364, 889, 965, 2158.454, 87.83, 124.03, 3.2
29.05.2012, 13:14:51, 5031.036, 2959.43, 59.98, 208V, 1324.959, 1265.603, 23.532, 14.787, Mpp, 5141, 443, 2001931035, 69.8, 218.5, 364, 889, 972, 2158.457, 87.53, 124.03, 13.7
29.05.2012, 13:15:01, 5031.058, 2959.443, 59.98, 208V, 1324.962, 1265.606, 23.71, 15.175, Mpp, 5176, 443, 2001931035, 69.8, 218.3, 357, 900, 973, 2158.459, 87.23, 124.03, 14.5
29.05.2012, 13:15:06, 5031.075, 2959.452, 59.98, 208V, 1324.963, 1265.607, 23.72, 15.186, Mpp, 5180, 443, 2001931035, 69.8, 218.4, 357, 900, 975, 2158.462, 87.03, 123.93, 10.1
29.05.2012, 13:15:17, 5031.097, 2959.466, 59.98, 208V, 1324.966, 1265.61, 23.684, 15.165, Mpp, 5173, 443, 2001931035, 69.8, 218.4, 357, 900, 975, 2158.462, 87.03, 123.93, 10.1
29.05.2012, 13:15:21, 5031.109, 2959.473, 59.98, 208V, 1324.968, 1265.611, 23.61, 15.074, Mpp, 5156, 443, 2001931035, 69.8, 218.4, 358, n.a
29.05.2012, 13:15:32, 5031.136, 2959.489, 59.98, 208V, 1324.971, 1265.615, 23.746, 15.56, Mpp, 5191, 443, 2001931035, 69.8, 218.6, 349, 889, 968, 2158.466, 86.63, 123.43, 9.7
29.05.2012, 13:15:40, 5031.153, 2959.499, 59.98, 208V, 1324.973, 1265.616, 23.832, 15.399, Mpp, 5209, 443, 2001931035, 69.8, 218.6, 354, 889, 968, 2158.466, 86.63, 123.43, 9.7
29.05.2012, 13:15:40, 5031.153, 2959.499, 59.98, 208V, 1324.973, 1265.616, 23.832, 15.399, Mpp, 5209, 443, 2001931035, 69.8, 218.6, 354, 900, 978, 2158.469, 86.83, 122.93, 3.4
29.05.2012, 13:15:47, 5031.174, 2959.511, 59.98, 208V, 1324.975, 1265.619, 23.906, 15.314, Mpp, 5223, 443, 2001931035, 69.8, 218.5, 357, 900, 983, 2158.474, 87.33, 122.93, 4.6
29.05.2012, 13:16:00, 5031.204, 2959.53, 59.98, 208V, 1324.978, 1265.622, 23.962, 15.173, Mpp, 5231, 443, 2001931035, 69.8, 218.3, 361, 900, 983, 2158.474, 87.33, 122.93, 4.6
29.05.2012, 13:16:00, 5031.204, 2959.53, 59.98, 208V, 1324.978, 1265.622, 23.962, 15.173, Mpp, 5231, 443, 2001931035, 69.8, 218.3, 361, 900, 983, 2158.474, 87.33, 122.93, 4.6
29.05.2012, 13:16:09, 5031.225, 2959.541, 59.98, 208V, 1324.981, 1265.625, 23.93, 15.309, Mpp, 5221, 443, 2001931035, 70.4, 218.2, 357, 900, 981, 2158.479, 87.43, 122.93, 7.3
29.05.2012, 13:16:21, 5031.257, 2959.56, 59.99, 208V, 1324.984, 1265.628, 23.952, 15.282, Mpp, 5226, 443, 2001931035, 70.4, 218.2, 358, 900, 981, 2158.479, 87.43, 122.93, 7.3
29.05.2012, 13:16:25, 5031.269, 2959.566, 59.99, 208V, 1324.985, 1265.629, 23.938, 15.451, Mpp, 5226, 443, 2001931035, 70.4, 218.3, 354, 900, 981, 2158.482, 87.23, 123.03, 7.1
29.05.2012, 13:16:32, 5031.284, 2959.576, 59.99, 208V, 1324.987, 1265.631, 23.886, 15.096, Mpp, 5219, 443, 2001931035, 69.8, 218.5, 362, 900, 981, 2158.485, 87.43, 123.13, 2.9
29.05.2012, 13:16:43, 5031.311, 2959.59, 59.99, 208V, 1324.99, 1265.634, 23.878, 15.291, Mpp, 5215, 443, 2001931035, 70.4, 218.4, 357, 900, 981, 2158.485, 87.43, 123.13, 2.9
29.05.2012, 13:16:47, 5031.322, 2959.598, 59.99, 208V, 1324.991, 1265.635, 23.86, 15.264, Mpp, 5206, 443, 2001931035, 69.8, 218.2, 357, 900, 978, 2158.489, 87.73, 123.23, 7.3
29.05.2012, 13:16:58, 5031.347, 2959.612, 59.99, 208V, 1324.994, 1265.638, 23.868, 15.249, Mpp, 5215, 443, 2001931035, 70.4, 218.5, 358, 900, 978, 2158.491, 87.73, 123.13, 9.3
29.05.2012, 13:17:04, 5031.362, 2959.622, 59.99, 208V, 1324.996, 1265.64, 23.848, 15.27, Mpp, 5208, 443, 2001931035, 69.8, 218.4, 357, 900, 978, 2158.493, 87.63, 123.13, 4.7
29.05.2012, 13:17:12, 5031.379, 2959.632, 59.99, 208V, 1324.998, 1265.642, 23.84, 15.231, Mpp, 5209, 443, 2001931035, 70.4, 218.5, 358, 900, 978, 2158.493, 87.63, 123.13, 4.7
29.05.2012, 13:17:12, 5031.379, 2959.632, 59.99, 208V, 1324.998, 1265.642, 23.84, 15.231, Mpp, 5209, 443, 2001931035, 70.4, 218.5, 358, 900, 978, 2158.496, 87.73, 123.23, 4.9
29.05.2012, 13:17:22, 5031.405, 2959.647, 59.99, 208V, 1325.001, 1265.645, 23.866, 15.246, Mpp, 5214, 443, 2001931035, 69.8, 218.5, 358, 900, 978, 2158.498, 87.73, 123.23, 3.7
29.05.2012, 13:17:35, 5031.439, 2959.667, 59.99, 208V, 1325.005, 1265.649, 23.832, 15.267, Mpp, 5207, 443, 2001931035, 69.8, 218.5, 357, 900, 978, 2158.501, 87.93, 123.23, 8.4
29.05.2012, 13:17:43, 900, 978, 2158.501, 87.93, 123.23, 8.4
29.05.2012, 13:17:43, 5031.459, 2959.679, 59.99, 208V, 1325.007, 1265.651, 23.798, 15.127, Mpp, 5202, 443, 2001931035, 69.8, 218.6, 360, 900, 979, 2158.504, 88.03, 123.13, 6.3
29.05.2012, 13:17:50, 5031.476, 2959.689, 59.99, 208V, 1325.009, 1265.653, 23.79, 14.874, Mpp, 5198, 443, 2001931035, 70.4, 218.5, 366, 900, 980, 2158.507, 88.13, 123.23, 3.7
29.05.2012, 13:18:03, 5031.505, 2959.706, 59.99, 208V, 1325.012, 1265.656, 23.856, 15.451, Mpp, 5212, 443, 2001931035, 70.4, 218.5, 353, 900, 980, 2158.507, 88.13, 123.23, 3.7
29.05.2012, 13:18:07, 5031.52, 2959.713, 59.99, 208V, 1325.014, 1265.658, 23.782, 15.153, Mpp, 5211, 443, 2001931035, 70.4, 219.1, 360, 900, 982, 2158.511, 88.33, 123.23, 3.8
29.05.2012, 13:18:07, 5031.52, 2959.713, 59.99, 208V, 1325.014, 1265.658, 23.782, 15.153, Mpp, 5211, 443, 2001931035, 70.4, 219.1, 360, 900, 982, 2158.512, 88.33, 123.23, 4.4
29.05.2012, 13:18:19, 5031.548, 2959.731, 59.99, 208V, 1325.017, 1265.661, 23.78, 15.159, Mpp, 5213, 443, 2001931035, 70.4, 219.2, 360, 900, 983, 2158.515, 88.03, 123.23, 13.2
29.05.2012, 13:18:30, 5031.575, 2959.745, 59.99, 208V, 1325.02, 1265.664, 23.842, 15.322, Mpp, 5226, 443, 2001931035, 70.4, 219.2, 357, 900, 983, 2158.517, 87.83, 123.33, 5.6
29.05.2012, 13:18:36, 5031.588, 2959.755, 59.99, 208V, 1325.022, 1265.666, 23.832, 15.316, Mpp, 5224, 443, 2001931035, 69.8, 219.2, 357, 900, 983, 2158.519, 87.63, 123.33, 9
29.05.2012, 13:18:43, 5031.607, 2959.764, 59.99, 208V, 1325.023, 1265.667, 23.834, 15.316, Mpp, 5224, 443, 2001931035, 70.4, 219.2, 357, 900, 982, 2158.521, 87.73, 123.33, 10.2
29.05.2012, 13:18:54, 5031.633, 2959.782, 59.99, 208V, 1325.027, 1265.671, 23.834, 15.316, Mpp, 5224, 443, 2001931035, 70.4, 219.2, 357, 900, 982, 2158.522, 87.63, 123.43, 12.6
29.05.2012, 13:19:01, 5031.651, 2959.792, 59.99, 208V, 1325.029, 1265.673, 23.748, 14.981, Mpp, 5208, 443, 2001931035, 70.4, 219.3, 364, 900, 982, 2158.523, 87.43, 123.43, 7.2
29.05.2012, 13:19:01, 5031.651, 2959.792, 59.99, 208V, 1325.029, 1265.673, 23.748, 14.981, Mpp, 5215, 443, 2001931035, 69.8, 219.2, 360, 900, 981, 2158.525, 87.13, 123.43, 5.6
29.05.2012, 13:19:09, 5031.67, 2959.803, 59.99, 208V, 1325.031, 1265.675, 23.79, 15.165, Mpp, 5215, 443, 2001931035, 69.8, 219.2, 360, 900, 981, 2158.528, 87.13, 123.43, 4.8
29.05.2012, 13:19:19, 5031.696, 2959.816, 59.99, 208V, 1325.033, 1265.677, 23.84, 15.322, Mpp, 5226, 443, 2001931035, 70.4, 219.2, 357, 900, 982, 2158.531, 87.33, 123.33, 2.2
29.05.2012, 13:19:29, 5031.719, 2959.832, 59.99, 208V, 1325.036, 1265.68, 23.812, 15.33, Mpp, 5229, 443, 2001931035, 70.4, 219.6, 357, 900, 983, 2158.533, 87.53, 123.23, 5.3
29.05.2012, 13:19:35, 5031.735, 2959.84, 59.99, 208V, 1325.038, 1265.682, 23.862, 15.343, Mpp, 5233, 443, 2001931035, 70.4, 219.3, 357, 900, 984, 2158.535, 87.43, 123.23, 12.8
29.05.2012, 13:19:45, 5031.757, 2959.854, 59.98, 208V, 1325.041, 1265.685, 23.862, 15.177, Mpp, 5233, 443, 2001931035, 70.4, 219.3, 361, 900, 984, 2158.537, 87.43, 123.23, 10.9
29.05.2012, 13:19:51, 5031.772, 2959.863, 59.98, 208V, 1325.042, 1265.686, 23.878, 15.531, Mpp, 5239, 443, 2001931035, 70.4, 219.4, 353, 900, 984, 2158.537, 87.43, 123.23, 10.9
29.05.2012, 13:19:57, 5031.789, 2959.872, 59.99, 208V, 1325.044, 1265.688, 23.906, 15.212, Mpp, 5245, 443, 2001931035, 70.4, 219.4, 361, 911, 985, 2158.541, 87.23, 123.13, 8.9
29.05.2012, 13:20:04, 5031.806, 2959.882, 59.98, 208V, 1325.046, 1265.69, 23.948, 15.192, Mpp, 5252, 443, 2001931035, 69.8, 219.3, 362, 911, 985, 2158.543, 87.03, 122.93, 7.6
29.05.2012, 13:20:16, 5031.833, 2959.899, 59.98, 208V, 1325.049, 1265.693, 23.882, 15.397, Mpp, 5237, 443, 2001931035, 70.4, 219.3, 356, 911, 985, 2158.544, 87.03, 122.93, 9.7
29.05.2012, 13:20:16, 5031.833, 2959.899, 59.98, 208V, 1325.049, 1265.693, 23.882, 15.397, Mpp, 5237, 443, 2001931035, 70.4, 219.3, 356, 911, 985, 2158.546, 87.03, 122.63, 7.4
29.05.2012, 13:20:24, 5031.855, 2959.912, 59.98, 208V, 1325.052, 1265.696, 23.936, 15.183, Mpp, 5249, 443, 2001931035, 70.4, 219.3, 362, 900, 985, 2158.549, 87.03, 122.43, 9.9
29.05.2012, 13:43:54, 5035.277, 2961.927, 59.98, 208V, 1325.445, 1266.089, 4.188, 2.761, Mpp, 912, 443, 2001931035, 62.8, 217.8, 353, n.a
29.05.2012, 13:44:00, 5035.277, 2961.927, 59.98, 208V, 1325.445, 1266.089, 4.188, 2.761, Mpp, 912, 443, 2001931035, 62.8, 217.8, 353, 151, 186, 2158.939, 87.23, 122.83, 1.9
29.05.2012, 13:44:09, 5035.281, 2961.93, 59.98, 208V, 1325.448, 1266.091, 4.132, 2.729, Mpp, 901, 443, 2001931035, 62.2, 218.1, 353, 151, 184, 2158.942, 87.43, 122.43, 5.4
29.05.2012, 13:44:19, 5035.286, 2961.932, 59.98, 208V, 1325.45, 1266.094, 4.246, 2.828, Mpp, 925, 443, 2001931035, 61.6, 217.8, 349, 151, 187, 2158.944, 87.43, 122.13, 5.1
29.05.2012, 13:44:25, 5035.288, 2961.934, 59.98, 208V, 1325.452, 1266.096, 4.406, 2.891, Mpp, 960, 443, 2001931035, 61.6, 218, 354, 151, 187, 2158.944, 87.43, 122.13, 5.1
29.05.2012, 13:44:31, 5035.291, 2961.935, 59.98, 208V, 1325.453, 1266.097, 4.704, 3.079, Mpp, 1025, 443, 2001931035, 61, 217.9, 354, 162, 205, 2158.947, 87.53, 121.53, 9.6
29.05.2012, 13:44:37, 5035.294, 2961.937, 59.97, 208V, 1325.455, 1266.099, 5.232, 3.41, Mpp, 1140, 443, 2001931035, 61, 217.9, 354, 216, 260, 2158.95, 87.43, 120.63, 6.8
29.05.2012, 13:44:49, 5035.305, 2961.942, 59.98, 208V, 1325.458, 1266.102, 9.236, 5.927, Mpp, 2020, 443, 2001931035, 60.3, 218.7, 356, 216, 260, 2158.95, 87.43, 120.63, 6.8
29.05.2012, 13:44:53, 694, 727, 2158.953, 87.63, 119.93, 3.9
29.05.2012, 13:44:59, 5035.327, 2961.955, 59.99, 208V, 1325.461, 1266.105, 18.546, 12.092, Mpp, 4082, 443, 2001931035, 62.8, 220.1, 352, 856, 922, 2158.955, 87.53, 119.63, 3.2
29.05.2012, 13:45:09, 5035.351, 2961.968, 59.99, 208V, 1325.464, 1266.108, 24.902, 16.126, Mpp, 5511, 443, 2001931035, 64.1, 221.3, 358, 856, 922, 2158.955, 87.53, 119.63, 3.2
29.05.2012, 13:45:18, 5035.371, 2961.98, 59.99, 208V, 1325.466, 1266.11, 24.818, 15.933, Mpp, 5490, 443, 2001931035, 65.4, 221.2, 361, 943, 1016, 2158.959, 87.83, 119.63, 1.5
29.05.2012, 13:45:25, 5035.391, 2961.992, 59.99, 208V, 1325.469, 1266.113, 24.57, 15.643, Mpp, 5435, 443, 2001931035, 66, 221.2, 364, n.a
29.05.2012, 13:45:25, 5035.391, 2961.992, 59.99, 208V, 1325.469, 1266.113, 24.57, 15.643, Mpp, 5435, 443, 2001931035, 66, 221.2, 364, 943, 1012, 2158.959, 87.83, 119.63, 1.5
29.05.2012, 13:45:25, 5035.391, 2961.992, 59.99, 208V, 1325.469, 1266.113, 24.57, 15.643, Mpp, 5435, 443, 2001931035, 66, 221.2, 364, 943, 1014, 2158.966, 88.03, 120.03, 3.6
29.05.2012, 13:45:25, 5035.391, 2961.992, 59.99, 208V, 1325.469, 1266.113, 24.57, 15.643, Mpp, 5435, 443, 2001931035, 66, 221.2, 364, 943, 1014, 2158.966, 88.03, 120.03, 3.6
29.05.2012, 13:45:51, 5035.458, 2962.03, 60, 208V, 1325.476, 1266.12, 24.476, 15.554, Mpp, 5419, 443, 2001931035, 67.2, 221.4, 365, 932, 1014, 2158.971, 87.93, 120.53, 4.3
29.05.2012, 13:45:51, 5035.458, 2962.03, 60, 208V, 1325.476, 1266.12, 24.476, 15.554, Mpp, 5419, 443, 2001931035, 67.2, 221.4, 365, 932, 1014, 2158.971, 87.93, 120.53, 4.3
29.05.2012, 13:46:08, 5035.502, 2962.055, 60, 208V, 1325.48, 1266.124, 24.412, 15.801, Mpp, 5402, 443, 2001931035, 67.2, 221.3, 358, 932, 1012, 2158.976, 87.73, 121.03, 9.9
29.05.2012, 13:46:25, 5035.548, 2962.081, 60, 208V, 1325.485, 1266.129, 24.454, 15.685, Mpp, 5406, 443, 2001931035, 67.9, 221.1, 361, 932, 1012, 2158.976, 87.73, 121.03, 9.9
29.05.2012, 13:46:25, 5035.548, 2962.081, 60, 208V, 1325.485, 1266.129, 24.454, 15.685, Mpp, 5394, 443, 2001931035, 68.5, 221.2, 365, 932, 1011, 2158.98, 87.53, 121.13, 9.2
29.05.2012, 13:46:39, 5035.578, 2962.102, 60.01, 208V, 1325.489, 1266.133, 24.386, 15.481, Mpp, 5394, 443, 2001931035, 68.5, 221.2, 365, 932, 1010, 2158.983, 87.33, 121.13, 3.9
29.05.2012, 13:46:49, 5035.609, 2962.118, 60.02, 208V, 1325.492, 1266.136, 24.352, 15.494, Mpp, 5384, 443, 2001931035, 68.5, 221.1, 364, 932, 1010, 2158.986, 87.63, 120.93, 6.5
29.05.2012, 13:47:00, 5035.631, 2962.133, 60.02, 208V, 1325.495, 1266.139, 24.342, 15.634, Mpp, 5389, 443, 2001931035, 68.5, 221.4, 361, 932, 1009, 2158.986, 87.73, 120.93, 5.1
29.05.2012, 13:47:08, 5035.651, 2962.145, 60.01, 208V, 1325.497, 1266.141, 24.322, 15.741, Mpp, 5382, 443, 2001931035, 68.5, 221.3, 358, 932, 1007, 2158.99, 87.93, 121.03, 9.8
29.05.2012, 13:47:15, 5035.67, 2962.156, 60.01, 208V, 1325.499, 1266.143, 24.238, 15.385, Mpp, 5361, 443, 2001931035, 68.5, 221.2, 365, 932, 1004, 2158.992, 87.83, 121.13, 7.7
29.05.2012, 13:47:21, 5035.687, 2962.166, 60.02, 208V, 1325.501, 1266.145, 24.156, 15.555, Mpp, 5348, 443, 2001931035, 69.1, 221.4, 360, 932, 1002, 2158.994, 87.93, 121.23, 6.3
29.05.2012, 13:47:28, 5035.702, 2962.175, 60.02, 208V, 1325.503, 1266.146, 24.118, 15.693, Mpp, 5337, 443, 2001931035, 69.1, 221.3, 356, 932, 1002, 2158.994, 87.93, 121.23, 6.3
29.05.2012, 13:47:28, 5035.702, 2962.175, 60.02, 208V, 1325.503, 1266.146, 24.118, 15.693, Mpp, 5337, 443, 2001931035, 69.1, 221.3, 356, 932, 999, 2158.997, 88.13, 121.23, 5.8
29.05.2012, 13:47:38, 5035.728, 2962.19, 60.02, 208V, 1325.505, 1266.149, 24.04, 15.32, Mpp, 5325, 443, 2001931035, 69.1, 221.5, 364, 932, 998, 2158.999, 88.33, 121.43, 5.9
29.05.2012, 13:47:50, 5035.759, 2962.208, 60.02, 208V, 1325.509, 1266.153, 24.086, 15.758, Mpp, 5330, 443, 2001931035, 69.1, 221.3, 354, 932, 998, 2159.001, 88.33, 121.53, 8.8
29.05.2012, 13:47:50, 5035.759, 2962.208, 60.02, 208V, 1325.509, 1266.153, 24.086, 15.758, Mpp, 5330, 443, 2001931035, 69.1, 221.3, 354, 932, 998, 2159.001, 88.33, 121.53, 8.8
29.05.2012, 13:47:59, 5035.781, 2962.221, 60.02, 208V, 1325.511, 1266.155, 23.99, 15.578, Mpp, 5313, 443, 2001931035, 69.1, 221.5, 357, 921, 994, 2159.004, 88.23, 121.63, 8.2
29.05.2012, 13:48:06, 5035.798, 2962.231, 60.02, 208V, 1325.513, 1266.157, 23.95, 15.545, Mpp, 5302, 443, 2001931035, 69.1, 221.4, 357, 921, 991, 2159.008, 88.03, 121.73, 10.9
29.05.2012, 13:48:18, 5035.828, 2962.249, 60.02, 208V, 1325.516, 1266.16, 23.99, 15.587, Mpp, 5316, 443, 2001931035, 69.1, 221.6, 357, 921, 991, 2159.008, 88.03, 121.73, 10.9
29.05.2012, 13:48:23, 5035.844, 2962.256, 60.02, 208V, 1325.518, 1266.162, 24.026, 15.611, Mpp, 5324, 443, 2001931035, 69.1, 221.6, 357, 921, 995, 2159.011, 87.83, 121.73, 11.9
29.05.2012, 13:48:34, 5035.871, 2962.274, 60.02, 208V, 1325.521, 1266.165, 24.044, 15.411, Mpp, 5328, 443, 2001931035, 69.1, 221.6, 362, 921, 996, 2159.014, 87.43, 121.63, 6.9
29.05.2012, 13:48:40, 5035.884, 2962.282, 60.02, 208V, 1325.523, 1266.166, 24.066, 15.432, Mpp, 5335, 443, 2001931035, 69.1, 221.7, 362, 932, 996, 2159.015, 87.23, 121.53, 11
29.05.2012, 13:48:45, 5035.9, 2962.291, 60.02, 208V, 1325.524, 1266.168, 24.064, 15.507, Mpp, 5332, 443, 2001931035, 69.8, 221.6, 360, 932, 998, 2159.017, 87.23, 121.53, 12
29.05.2012, 13:48:52, 5035.917, 2962.299, 60.02, 208V, 1325.526, 1266.17, 24.168, 15.5, Mpp, 5358, 443, 2001931035, 69.8, 221.7, 362, 932, 1001, 2159.019, 87.13, 121.53, 6.8
29.05.2012, 13:48:59, 5035.934, 2962.31, 60.02, 208V, 1325.528, 1266.172, 24.176, 15.539, Mpp, 5357, 443, 2001931035, 69.8, 221.6, 361, 932, 1002, 2159.021, 87.13, 121.63, 8
29.05.2012, 13:49:05, 5035.949, 2962.32, 60.02, 208V, 1325.53, 1266.174, 24.144, 15.694, Mpp, 5352, 443, 2001931035, 69.1, 221.7, 357, 932, 1001, 2159.023, 87.23, 121.63, 6.8
29.05.2012, 13:49:18, 5035.983, 2962.34, 60.03, 208V, 1325.533, 1266.177, 24.074, 15.649, Mpp, 5337, 443, 2001931035, 69.8, 221.7, 357, 932, 1000, 2159.026, 87.43, 121.73, 5.9
29.05.2012, 13:49:27, 5036.002, 2962.351, 60.03, 208V, 1325.536, 1266.18, 24.01, 15.774, Mpp, 5321, 443, 2001931035, 69.8, 221.6, 353, 932, 1000, 2159.026, 87.43, 121.73, 5.9
29.05.2012, 13:49:34, 5036.022, 2962.363, 60.02, 208V, 1325.538, 1266.182, 24.02, 15.608, Mpp, 5323, 443, 2001931035, 69.8, 221.6, 357, 932, 995, 2159.028, 87.53, 121.83, 7.3
29.05.2012, 13:49:34, 5036.022, 2962.363, 60.02, 208V, 1325.538, 1266.182, 24.02, 15.608, Mpp, 5323, 443, 2001931035, 69.8, 221.6, 357, 932, 994, 2159.031, 87.63, 121.93, 1.6
29.05.2012, 13:49:42, 5036.042, 2962.375, 60.02, 208V, 1325.54, 1266.184, 24.062, 15.445, Mpp, 5325, 443, 2001931035, 69.8, 221.3, 361, 932, 996, 2159.034, 87.83, 122.03, 7.1
29.05.2012, 13:49:56, 5036.075, 2962.394, 60.02, 208V, 1325.544, 1266.188, 24.18, 15.663, Mpp, 5356, 443, 2001931035, 69.8, 221.5, 358, 932, 996, 2159.034, 87.83, 122.03, 7.1
29.05.2012, 13:50:00, 5036.088, 2962.4, 60.02, 208V, 1325.545, 1266.189, 24.208, 15.554, Mpp, 5362, 443, 2001931035, 69.8, 221.5, 361, 932, 1001, 2159.037, 88.03, 122.23, 7.1
29.05.2012, 13:50:06, 5036.104, 2962.411, 60.02, 208V, 1325.547, 1266.191, 24.31, 15.619, Mpp, 5384, 443, 2001931035, 69.8, 221.5, 361, 943, 1008, 2159.04, 88.03, 122.43, 6.4
29.05.2012, 13:50:17, 5036.131, 2962.427, 60.01, 208V, 1325.55, 1266.194, 24.4, 15.853, Mpp, 5405, 443, 2001931035, 69.8, 221.5, 357, 943, 1012, 2159.042, 88.23, 122.53, 7.5
29.05.2012, 13:50:17, 5036.131, 2962.427, 60.01, 208V, 1325.55, 1266.194, 24.4, 15.853, Mpp, 5405, 443, 2001931035, 69.8, 221.5, 354, 943, 1012, 2159.042, 88.23, 122.53, 7.5
29.05.2012, 13:50:26, 5036.151, 2962.439, 60.01, 208V, 1325.552, 1266.196, 24.402, 15.984, Mpp, 5405, 443, 2001931035, 69.8, 221.5, 354, n.a
29.05.2012, 13:50:33, 5036.17, 2962.45, 60.01, 208V, 1325.554, 1266.198, 24.346, 15.609, Mpp, 5395, 443, 2001931035, 70.4, 221.6, 362, 943, 1013, 2159.049, 88.23, 122.63, 6.3
29.05.2012, 13:50:33, 5036.17, 2962.45, 60.01, 208V, 1325.554, 1266.198, 24.346, 15.609, Mpp, 5395, 443, 2001931035, 70.4, 221.6, 362, 943, 1014, 2159.05, 88.23, 122.73, 6.5
29.05.2012, 13:50:52, 5036.223, 2962.48, 60.01, 208V, 1325.56, 1266.203, 24.334, 15.814, Mpp, 5392, 443, 2001931035, 70.4, 221.6, 357, 943, 1015, 2159.052, 88.23, 122.93, 7
29.05.2012, 13:51:01, 5036.241, 2962.492, 60.01, 208V, 1325.562, 1266.206, 24.268, 15.601, Mpp, 5378, 443, 2001931035, 69.8, 221.6, 361, 943, 1012, 2159.055, 87.83, 123.13, 5.3
29.05.2012, 13:51:11, 5036.269, 2962.508, 60.01, 208V, 1325.565, 1266.209, 24.254, 15.705, Mpp, 5370, 443, 2001931035, 70.4, 221.4, 358, 943, 1010, 2159.057, 87.73, 123.13, 3.3
29.05.2012, 13:51:17, 5036.284, 2962.517, 60.01, 208V, 1325.566, 1266.21, 24.17, 15.706, Mpp, 5356, 443, 2001931035, 70.4, 221.6, 357, 932, 1009, 2159.059, 87.63, 123.13, 5.6
29.05.2012, 13:51:17, 5036.284, 2962.517, 60.01, 208V, 1325.566, 1266.21, 24.17, 15.706, Mpp, 5356, 443, 2001931035, 70.4, 221.6, 357, 932, 1009, 2159.06, 87.63, 123.23, 6
29.05.2012, 13:51:31, 5036.316, 2962.536, 60.01, 208V, 1325.57, 1266.214, 24.17, 15.686, Mpp, 5349, 443, 2001931035, 70.4, 221.3, 357, 932, 1008, 2159.063, 87.43, 123.23, 4.3
29.05.2012, 13:51:37, 5036.335, 2962.547, 60.01, 208V, 1325.572, 1266.216, 24.122, 15.788, Mpp, 5340, 443, 2001931035, 70.4, 221.4, 354, 932, 1005, 2159.065, 87.43, 123.33, 6.6
29.05.2012, 13:51:49, 5036.364, 2962.564, 60, 208V, 1325.575, 1266.219, 23.988, 15.707, Mpp, 5313, 443, 2001931035, 70.4, 221.5, 354, 932, 1002, 2159.067, 87.53, 123.43, 7.6
29.05.2012, 13:51:57, 5036.384, 2962.576, 60, 208V, 1325.578, 1266.221, 23.902, 15.473, Mpp, 5292, 443, 2001931035, 70.4, 221.4, 358, 932, 1002, 2159.067, 87.53, 123.43, 7.6
29.05.2012, 13:51:57, 5036.384, 2962.576, 60, 208V, 1325.578, 1266.221, 23.902, 15.473, Mpp, 5292, 443, 2001931035, 70.4, 221.4, 358, 921, 995, 2159.071, 87.63, 123.53, 4.5
29.05.2012, 13:52:07, 5036.41, 2962.591, 60, 208V, 1325.58, 1266.224, 23.858, 15.354, Mpp, 5280, 443, 2001931035, 70.4, 221.3, 360, 921, 995, 2159.073, 87.93, 123.63, 10.9
29.05.2012, 13:52:13, 932, 997, 2159.075, 88.03, 123.73, 7.6
29.05.2012, 13:52:24, 5036.449, 2962.614, 59.99, 208V, 1325.585, 1266.229, 23.992, 15.56, Mpp, 5307, 443, 2001931035, 69.8, 221.2, 357, 932, 999, 2159.077, 88.13, 123.63, 7.7
29.05.2012, 13:52:30, 5036.467, 2962.623, 59.99, 208V, 1325.586, 1266.23, 24.018, 15.584, Mpp, 5315, 443, 2001931035, 70.4, 221.3, 357, 932, 1002, 2159.079, 88.13, 123.63, 2.9
29.05.2012, 13:52:36, 5036.484, 2962.634, 59.99, 208V, 1325.588, 1266.232, 24.054, 15.608, Mpp, 5323, 443, 2001931035, 70.4, 221.3, 357, 932, 1004, 2159.081, 88.23, 123.73, 3.3
29.05.2012, 13:52:36, 5036.484, 2962.634, 59.99, 208V, 1325.588, 1266.232, 24.054, 15.608, Mpp, 5323, 443, 2001931035, 70.4, 221.3, 357, 932, 1003, 2159.082, 88.23, 123.73, 3.5
29.05.2012, 13:52:48, 5036.51, 2962.65, 59.98, 208V, 1325.591, 1266.235, 23.976, 15.557, Mpp, 5306, 443, 2001931035, 70.4, 221.3, 357, 932, 1002, 2159.085, 88.43, 123.83, 3.7
29.05.2012, 13:52:57, 5036.535, 2962.665, 59.99, 208V, 1325.594, 1266.238, 23.95, 15.697, Mpp, 5295, 443, 2001931035, 70.4, 221.1, 353, 932, 1000, 2159.086, 88.43, 123.83, 2.1
29.05.2012, 13:53:03, 5036.549, 2962.673, 60, 208V, 1325.596, 1266.24, 23.9, 15.635, Mpp, 5289, 443, 2001931035, 70.4, 221.3, 354, 932, 997, 2159.089, 88.63, 123.83, 4.9
29.05.2012, 13:53:14, 5036.575, 2962.688, 60, 208V, 1325.599, 1266.243, 23.786, 15.465, Mpp, 5261, 443, 2001931035, 69.8, 221.2, 356, 932, 997, 2159.089, 88.63, 123.93, 4.2
29.05.2012, 13:53:14, 921, 993, 2159.092, 88.73, 124.03, 4.3
29.05.2012, 13:53:25, 5036.602, 2962.704, 59.99, 208V, 1325.602, 1266.246, 23.782, 15.606, Mpp, 5265, 443, 2001931035, 69.8, 221.4, 353, 921, 993, 2159.092, 88.73, 124.03, 4.3
29.05.2012, 13:53:25, 5036.602, 2962.704, 59.99, 208V, 1325.602, 1266.246, 23.782, 15.606, Mpp, 5265, 443, 2001931035, 69.8, 221.4, 353, 932, 993, 2159.095, 88.73, 124.13, 4.7
29.05.2012, 13:53:42, 5036.646, 2962.731, 59.99, 208V, 1325.607, 1266.251, 23.72, 15.572, Mpp, 5254, 443, 2001931035, 70.4, 221.5, 353, 921, 989, 2159.099, 88.33, 124.23, 6.4
29.05.2012, 13:53:42, 5036.646, 2962.731, 59.99, 208V, 1325.607, 1266.251, 23.72, 15.572, Mpp, 5254, 443, 2001931035, 70.4, 221.5, 353, 921, 989, 2159.099, 88.33, 124.23, 6.4
29.05.2012, 13:53:49, 5036.665, 2962.741, 59.98, 208V, 1325.609, 1266.253, 23.432, 15.232, Mpp, 5183, 443, 2001931035, 70.4, 221.2, 356, 921, 976, 2159.101, 87.93, 124.33, 2.1
29.05.2012, 13:54:04, 921, 980, 2159.103, 87.93, 124.43, 0.6
29.05.2012, 13:54:11, 5036.717, 2962.772, 59.99, 208V, 1325.615, 1266.259, 23.508, 15.097, Mpp, 5193, 443, 2001931035, 69.8, 220.9, 360, 911, 976, 2159.105, 88.23, 124.63, 1.5
29.05.2012, 13:54:11, 5036.717, 2962.772, 59.99, 208V, 1325.615, 1266.259, 23.508, 15.097, Mpp, 5193, 443, 2001931035, 69.8, 220.9, 360, 921, 980, 2159.108, 88.33, 124.83, 0.7
29.05.2012, 13:54:21, 5036.741, 2962.787, 59.99, 208V, 1325.618, 1266.261, 23.302, 14.981, Mpp, 5154, 443, 2001931035, 69.8, 221.2, 360, 911, 978, 2159.109, 88.43, 125.03, 2.1
29.05.2012, 13:54:27, 5036.756, 2962.795, 59.99, 208V, 1325.619, 1266.263, 23.302, 15.14, Mpp, 5152, 443, 2001931035, 69.8, 221.1, 356, 911, 974, 2159.112, 88.73, 125.43, 1.3
29.05.2012, 13:54:40, 5036.785, 2962.812, 59.99, 208V, 1325.623, 1266.266, 23.326, 15.134, Mpp, 5150, 443, 2001931035, 69.8, 220.8, 356, 911, 976, 2159.114, 88.73, 125.63, 4.9
29.05.2012, 13:54:46, 5036.802, 2962.822, 60, 208V, 1325.625, 1266.268, 23.316, 15.248, Mpp, 5146, 443, 2001931035, 69.8, 220.7, 353, 911, 976, 2159.117, 88.73, 125.93, 4
29.05.2012, 13:54:57, 5036.826, 2962.837, 60, 208V, 1325.627, 1266.271, 23.104, 15.296, Mpp, 5106, 443, 2001931035, 69.8, 221, 349, 911, 976, 2159.117, 88.73, 126.03, 3
29.05.2012, 13:55:05, 5036.848, 2962.849, 60, 208V, 1325.63, 1266.274, 23.142, 15.13, Mpp, 5107, 443, 2001931035, 69.8, 220.7, 353, 900, 971, 2159.119, 88.83, 126.13, 7.8
29.05.2012, 13:55:12, 5036.865, 2962.859, 60, 208V, 1325.632, 1266.276, 23.174, 15.146, Mpp, 5112, 443, 2001931035, 69.8, 220.6, 353, 900, 969, 2159.122, 89.03, 126.33, 5.1
29.05.2012, 13:55:19, 5036.882, 2962.869, 60.01, 208V, 1325.634, 1266.278, 23.064, 15.226, Mpp, 5097, 443, 2001931035, 69.8, 221, 350, 900, 968, 2159.125, 88.83, 126.83, 7.1
29.05.2012, 13:55:27, 5036.901, 2962.879, 60.01, 208V, 1325.636, 1266.28, 23.09, 14.882, Mpp, 5093, 443, 2001931035, 69.8, 220.6, 358, 900, 968, 2159.125, 88.83, 126.83, 7.1
29.05.2012, 13:55:27, 5036.901, 2962.879, 60.01, 208V, 1325.636, 1266.28, 23.09, 14.882, Mpp, 5093, 443, 2001931035, 69.8, 220.6, 358, 900, 966, 2159.128, 88.73, 126.83, 4.3
29.05.2012, 13:55:34, 5036.918, 2962.89, 60.01, 208V, 1325.638, 1266.282, 23.01, 15.07, Mpp, 5087, 443, 2001931035, 69.8, 221.1, 353, 900, 964, 2159.132, 88.43, 126.83, 11.1
29.05.2012, 13:55:49, 5036.954, 2962.912, 60.01, 208V, 1325.642, 1266.286, 23.052, 14.92, Mpp, 5092, 443, 2001931035, 69.8, 220.9, 357, 900, 964, 2159.132, 88.43, 126.83, 11.1
29.05.2012, 13:55:54, 5036.964, 2962.917, 60.01, 208V, 1325.643, 1266.287, 23.052, 14.972, Mpp, 5096, 443, 2001931035, 69.8, 221.1, 356, 900, 968, 2159.136, 88.13, 126.83, 5.9
29.05.2012, 13:55:54, 5036.964, 2962.933, 60.02, 208V, 1325.643, 1266.287, 23.142, 14.924, Mpp, 5107, 443, 2001931035, 69.8, 220.7, 358, 900, 968, 2159.136, 88.13, 126.83, 5.9
29.05.2012, 13:56:05, 5036.991, 2962.933, 60.02, 208V, 1325.646, 1266.29, 23.142, 14.924, Mpp, 5103, 443, 2001931035, 69.8, 220.9, 356, 900, 968, 2159.138, 88.13, 126.63, 4.7
29.05.2012, 13:56:13, 5037.011, 2962.946, 60.02, 208V, 1325.649, 1266.293, 23.104, 14.994, Mpp, 5103, 443, 2001931035, 69.8, 220.9, 356, 900, 970, 2159.142, 88.23, 126.53, 4.1
29.05.2012, 13:56:24, 5037.037, 2962.96, 60.02, 208V, 1325.651, 1266.295, 23.108, 15.13, Mpp, 5107, 443, 2001931035, 69.8, 221, 353, 900, 968, 2159.144, 88.23, 126.63, 4.2
29.05.2012, 13:56:34, 5037.062, 2962.975, 60.02, 208V, 1325.655, 1266.298, 23.144, 14.953, Mpp, 5117, 443, 2001931035, 69.8, 221.1, 358, 900, 967, 2159.144, 88.23, 126.63, 6
29.05.2012, 13:56:43, 5037.083, 2962.987, 60.02, 208V, 1325.657, 1266.301, 23.426, 15.126, Mpp, 5175, 443, 2001931035, 69.8, 220.9, 358, 911, 973, 2159.148, 88.03, 126.73, 5.6
29.05.2012, 13:56:49, 5037.098, 2962.996, 60.02, 208V, 1325.659, 1266.303, 21.864, 13.786, Mpp, 4825, 443, 2001931035, 69.8, 220.7, 366, 911, 973, 2159.148, 88.03, 126.73, 5.6
29.05.2012, 13:56:58, 5037.107, 2963.003, 60.01, 208V, 1325.661, 1266.305, 9.162, 5.735, Mpp, 2002, 443, 2001931035, 67.9, 218.5, 365, 433, 536, 2159.152, 87.83, 126.73, 3.6
29.05.2012, 13:57:05, 466, 504, 2159.154, 87.83, 126.53, 2.3
29.05.2012, 13:57:11, 5037.125, 2963.014, 60.02, 208V, 1325.665, 1266.309, 11.18, 6.816, Mpp, 2435, 443, 2001931035, 66.6, 217.8, 373, 596, 624, 2159.156, 87.93, 126.23, 1.2
29.05.2012, 13:57:18, 5037.136, 2963.019, 60.02, 208V, 1325.667, 1266.311, 11.684, 7.013, Mpp, 2545, 443, 2001931035, 66, 217.8, 379, 498, 608, 2159.158, 88.03, 126.13, 7
29.05.2012, 13:57:23, 5037.139, 2963.022, 60.02, 208V, 1325.668, 1266.312, 7.624, 4.681, Mpp, 1654, 443, 2001931035, 66, 217, 371, 357, 464, 2159.16, 88.03, 125.93, 3.4
29.05.2012, 13:57:30, 206, 264, 2159.162, 88.13, 125.83, 5
29.05.2012, 13:57:36, 260, 311, 2159.164, 88.03, 125.43, 4.1
29.05.2012, 13:57:49, 5037.156, 2963.032, 60.02, 208V, 1325.675, 1266.319, 5.522, 3.356, Mpp, 1193, 443, 2001931035, 62.8, 216.1, 377, 260, 315, 2159.165, 88.03, 125.33, 5.5
29.05.2012, 13:57:49, 206, 256, 2159.167, 88.03, 124.93, 3.3
29.05.2012, 13:57:58, 5037.161, 2963.035, 60.02, 208V, 1325.678, 1266.321, 6.854, 4.138, Mpp, 1481, 443, 2001931035, 62.2, 216.1, 377, 401, 415, 2159.17, 88.03, 124.53, 8.9
29.05.2012, 13:58:09, 5037.185, 2963.047, 60.02, 208V, 1325.681, 1266.325, 23.676, 14.411, Mpp, 5171, 443, 2001931035, 64.7, 218.4, 376, 477, 504, 2159.17, 87.93, 124.43, 6.2
29.05.2012, 13:58:09, 5037.185, 2963.047, 60.02, 208V, 1325.681, 1266.325, 23.676, 14.411, Mpp, 5171, 443, 2001931035, 64.7, 218.4, 376, 943, 1017, 2159.174, 87.63, 123.83, 5.7
29.05.2012, 13:58:09, 5037.185, 2963.069, 60.02, 208V, 1325.681, 1266.325, 22.11, 13.6, Mpp, 4822, 443, 2001931035, 66.6, 218.1, 371, 943, 1017, 2159.175, 87.63, 123.83, 4.2
29.05.2012, 13:58:32, 5037.236, 2963.078, 60.01, 208V, 1325.687, 1266.331, 18.566, 11.475, Mpp, 4034, 443, 2001931035, 66, 217.3, 367, 856, 953, 2159.177, 87.53, 123.73, 5.6
29.05.2012, 13:58:32, 5037.236, 2963.078, 60.01, 208V, 1325.687, 1266.331, 18.566, 11.475, Mpp, 4034, 443, 2001931035, 66, 217.3, 367, 780, 860, 2159.178, 87.63, 123.63, 7.2
29.05.2012, 13:58:40, 5037.26, 2963.091, 60.02, 208V, 1325.69, 1266.333, 24.642, 15.294, Mpp, 5384, 443, 2001931035, 67.2, 218.5, 369, 943, 1010, 2159.181, 88.03, 123.63, 1.7
29.05.2012, 13:58:49, 5037.28, 2963.103, 60.01, 208V, 1325.692, 1266.336, 24.476, 15.358, Mpp, 5350, 443, 2001931035, 67.2, 218.6, 365, 943, 1008, 2159.184, 88.13, 123.73, 0
29.05.2012, 13:58:56, 932, 1004, 2159.187, 88.33, 123.83, 0
29.05.2012, 13:59:07, 5037.328, 2963.131, 60.02, 208V, 1325.697, 1266.341, 24.24, 15.484, Mpp, 5294, 443, 2001931035, 67.9, 218.4, 358, 932, 1002, 2159.188, 88.43, 123.93, 2.4
29.05.2012, 13:59:15, 5037.346, 2963.142, 60.01, 208V, 1325.699, 1266.343, 24.036, 15.423, Mpp, 5245, 443, 2001931035, 67.9, 218.2, 356, 921, 996, 2159.19, 88.53, 124.13, 1.2
29.05.2012, 13:59:15, 5037.346, 2963.142, 60.01, 208V, 1325.699, 1266.343, 24.036, 15.423, Mpp, 5245, 443, 2001931035, 67.9, 218.2, 356, 921, 996, 2159.19, 88.53, 124.13, 1.2
29.05.2012, 13:59:25, 5037.372, 2963.157, 60.01, 208V, 1325.702, 1266.346, 23.91, 15.415, Mpp, 5214, 443, 2001931035, 68.5, 218.1, 354, 911, 986, 2159.194, 88.23, 124.33, 2.1
29.05.2012, 13:59:36, 5037.396, 2963.171, 60.01, 208V, 1325.705, 1266.349, 23.828, 15.238, Mpp, 5197, 443, 2001931035, 68.5, 218.1, 357, 911, 985, 2159.196, 88.13, 124.23, 2.7
29.05.2012, 13:59:42, 5037.413, 2963.18, 60.01, 208V, 1325.706, 1266.35, 23.756, 15.196, Mpp, 5183, 443, 2001931035, 68.5, 218.2, 357, 911, 982, 2159.198, 88.23, 124.23, 0.8
29.05.2012, 13:59:49, 5037.43, 2963.191, 60.01, 208V, 1325.709, 1266.353, 23.67, 15.273, Mpp, 5167, 443, 2001931035, 68.5, 218.3, 354, 911, 980, 2159.2, 88.23, 124.23, 1.1
29.05.2012, 13:59:54, 5037.443, 2963.199, 60.02, 208V, 1325.71, 1266.354, 23.614, 15.228, Mpp, 5152, 443, 2001931035, 68.5, 218.2, 354, 911, 979, 2159.201, 88.23, 124.23, 1.4
29.05.2012, 14:00:00, 5037.457, 2963.207, 60.02, 208V, 1325.712, 1266.356, 23.6, 15.261, Mpp, 5149, 443, 2001931035, 68.5, 218.2, 353, 911, 978, 2159.204, 88.23, 124.23, 7
29.05.2012, 14:00:10, 5037.481, 2963.222, 60.01, 208V, 1325.715, 1266.358, 23.702, 15.087, Mpp, 5146, 443, 2001931035, 68.5, 217.1, 357, 900, 977, 2159.206, 88.03, 124.33, 6.7
29.05.2012, 14:00:16, 5037.498, 2963.23, 60.02, 208V, 1325.716, 1266.36, 23.678, 15.014, Mpp, 5135, 443, 2001931035, 69.1, 216.9, 358, 900, 975, 2159.207, 87.83, 124.43, 3.4
29.05.2012, 14:00:23, 5037.513, 2963.239, 60.02, 208V, 1325.718, 1266.362, 23.62, 15.045, Mpp, 5132, 443, 2001931035, 68.5, 217.3, 357, 900, 973, 2159.21, 87.83, 124.63, 1.3
29.05.2012, 14:00:23, 5037.513, 2963.239, 60.02, 208V, 1325.718, 1266.362, 23.62, 15.045, Mpp, 5132, 443, 2001931035, 68.5, 217.3, 357, n.a
29.05.2012, 14:00:45, 5037.569, 2963.271, 60.02, 208V, 1325.724, 1266.368, 23.724, 14.991, Mpp, 5127, 443, 2001931035, 69.1, 216.1, 358, 900, 972, 2159.215, 87.73, 124.93, 7.2
29.05.2012, 14:00:45, 5037.569, 2963.271, 60.02, 208V, 1325.724, 1266.368, 23.724, 14.991, Mpp, 5131, 443, 2001931035, 69.1, 216.3, 357, 900, 972, 2159.215, 87.73, 124.93, 7.2
29.05.2012, 14:00:54, 5037.588, 2963.284, 60.02, 208V, 1325.727, 1266.371, 23.72, 15.044, Mpp, 5131, 443, 2001931035, 69.1, 216.3, 357, 900, 974, 2159.218, 87.43, 125.13, 8.3
29.05.2012, 14:01:02, 5037.61, 2963.296, 60.02, 208V, 1325.729, 1266.373, 23.838, 15.221, Mpp, 5134, 443, 2001931035, 69.1, 215.4, 353, 900, 975, 2159.221, 87.53, 125.23, 8
29.05.2012, 14:01:14, 5037.637, 2963.313, 60.03, 208V, 1325.732, 1266.376, 23.856, 15.233, Mpp, 5138, 443, 2001931035, 69.1, 215.4, 353, n.a
29.05.2012, 14:01:14, 5037.637, 2963.313, 60.03, 208V, 1325.732, 1266.376, 23.856, 15.233, Mpp, 5149, 443, 2001931035, 69.1, 216.5, 357, 911, 976, 2159.223, 87.33, 125.23, 6.1
29.05.2012, 14:01:29, 5037.673, 2963.334, 60.03, 208V, 1325.736, 1266.38, 23.676, 15.09, Mpp, 5147, 443, 2001931035, 69.8, 217.4, 357, 911, 978, 2159.226, 87.43, 125.33, 5.3
29.05.2012, 14:01:36, 5037.69, 2963.344, 60.03, 208V, 1325.738, 1266.382, 23.548, 15.067, Mpp, 5140, 443, 2001931035, 69.8, 218.3, 357, 911, 978, 2159.227, 87.53, 125.43, 7.9
29.05.2012, 14:01:43, 5037.707, 2963.354, 60.02, 208V, 1325.74, 1266.384, 23.362, 14.887, Mpp, 5121, 443, 2001931035, 69.1, 219.2, 360, 900, 976, 2159.229, 87.73, 125.53, 6.1
29.05.2012, 14:01:43, 5037.707, 2963.354, 60.02, 208V, 1325.74, 1266.384, 23.362, 14.887, Mpp, 5121, 443, 2001931035, 69.1, 219.2, 360, 900, 973, 2159.232, 87.83, 125.73, 5.5
29.05.2012, 14:01:52, 5037.729, 2963.367, 60.03, 208V, 1325.743, 1266.387, 23.4, 15.021, Mpp, 5125, 443, 2001931035, 69.1, 219, 357, n.a
29.05.2012, 14:02:02, 5037.753, 2963.38, 60.02, 208V, 1325.745, 1266.389, 23.322, 15.106, Mpp, 5112, 443, 2001931035, 69.1, 219.2, 354, 900, 969, 2159.236, 88.03, 126.03, 6.3
29.05.2012, 14:02:08, 5037.768, 2963.39, 60.02, 208V, 1325.747, 1266.391, 23.304, 14.817, Mpp, 5111, 443, 2001931035, 69.8, 219.3, 361, 900, 969, 2159.239, 88.03, 126.13, 6.3
29.05.2012, 14:02:15, 5037.787, 2963.4, 60.03, 208V, 1325.749, 1266.393, 23.208, 14.954, Mpp, 5089, 443, 2001931035, 69.1, 219.3, 356, 900, 966, 2159.24, 88.03, 126.23, 4.5
29.05.2012, 14:02:22, 5037.8, 2963.408, 60.03, 208V, 1325.751, 1266.395, 23.18, 14.864, Mpp, 5086, 443, 2001931035, 69.1, 219.4, 358, 900, 963, 2159.242, 88.03, 126.43, 2.5
29.05.2012, 14:02:32, 5037.824, 2963.424, 60.03, 208V, 1325.754, 1266.398, 23.162, 15.217, Mpp, 5079, 443, 2001931035, 69.8, 219.3, 349, 900, 964, 2159.245, 88.03, 126.53, 6
29.05.2012, 14:02:39, 5037.841, 2963.434, 60.03, 208V, 1325.756, 1266.4, 23.286, 15.082, Mpp, 5104, 443, 2001931035, 69.1, 219.2, 354, 900, 966, 2159.247, 88.03, 126.53, 3.4
29.05.2012, 14:02:45, 5037.856, 2963.442, 60.03, 208V, 1325.758, 1266.401, 23.318, 14.953, Mpp, 5116, 443, 2001931035, 69.8, 219.4, 358, 900, 969, 2159.249, 88.03, 126.63, 5
29.05.2012, 14:02:45, 5037.856, 2963.442, 60.03, 208V, 1325.758, 1266.401, 23.318, 14.953, Mpp, 5116, 443, 2001931035, 69.8, 219.4, 358, 900, 967, 2159.25, 88.13, 126.63, 5
29.05.2012, 14:02:56, 5037.882, 2963.458, 60.02, 208V, 1325.761, 1266.405, 23.1, 15.189, Mpp, 5070, 443, 2001931035, 69.8, 219.5, 349, 900, 962, 2159.252, 88.23, 126.73, 4
29.05.2012, 14:03:05, 5037.904, 2963.47, 60.03, 208V, 1325.763, 1266.407, 23.196, 14.948, Mpp, 5087, 443, 2001931035, 69.8, 219.3, 356, 900, 962, 2159.252, 88.23, 126.73, 4
29.05.2012, 14:03:05, 5037.904, 2963.47, 60.03, 208V, 1325.763, 1266.407, 23.196, 14.948, Mpp, 5087, 443, 2001931035, 69.8, 219.3, 356, 900, 964, 2159.255, 88.33, 126.83, 5
29.05.2012, 14:03:18, 5037.936, 2963.495, 60.02, 208V, 1325.768, 1266.412, 9.204, 5.79, Mpp, 1994, 443, 2001931035, 67.9, 216.7, 360, 845, 935, 2159.257, 88.43, 126.83, 7.9
29.05.2012, 14:03:31, 5037.95, 2963.499, 60.02, 208V, 1325.77, 1266.414, 7.804, 4.846, Mpp, 1691, 443, 2001931035, 67.2, 216.7, 366, 585, 680, 2159.259, 88.43, 126.83, 6.6
29.05.2012, 14:03:38, 5037.957, 2963.502, 60.02, 208V, 1325.772, 1266.416, 9.8, 6.075, Mpp, 2128, 443, 2001931035, 65.4, 217.1, 366, 422, 471, 2159.263, 88.33, 126.73, 6.5
29.05.2012, 14:03:45, 5037.972, 2963.51, 60.02, 208V, 1325.774, 1266.418, 23.696, 14.861, Mpp, 5194, 443, 2001931035, 66.6, 219.2, 366, 835, 876, 2159.265, 88.53, 126.43, 5.3
29.05.2012, 14:03:51, 5037.987, 2963.519, 60.02, 208V, 1325.776, 1266.42, 23.75, 14.764, Mpp, 5215, 443, 2001931035, 67.2, 219.6, 370, 932, 985, 2159.267, 88.43, 126.13, 1.6
29.05.2012, 14:03:57, 5038.001, 2963.527, 60.02, 208V, 1325.778, 1266.421, 23.688, 14.804, Mpp, 5202, 443, 2001931035, 67.9, 219.6, 368, 921, 976, 2159.269, 88.53, 126.13, 1.4
29.05.2012, 14:03:57, 5038.001, 2963.527, 60.02, 208V, 1325.778, 1266.421, 23.688, 14.804, Mpp, 5202, 443, 2001931035, 67.9, 219.6, 368, 921, 974, 2159.27, 88.63, 126.13, 4.1
29.05.2012, 14:04:08, 5038.025, 2963.543, 60.01, 208V, 1325.781, 1266.425, 22.984, 14.884, Mpp, 5038, 443, 2001931035, 68.5, 219.2, 354, 357, 427, 2159.273, 88.73, 126.33, 2.9
29.05.2012, 14:04:20, 5038.031, 2963.547, 60, 208V, 1325.784, 1266.428, 4.896, 3.121, Mpp, 1060, 443, 2001931035, 64.7, 216.5, 361, 173, 214, 2159.274, 88.73, 126.33, 2.9
29.05.2012, 14:04:25, 5038.033, 2963.549, 60, 208V, 1325.785, 1266.429, 4.578, 2.903, Mpp, 991, 443, 2001931035, 64.1, 216.5, 364, 173, 216, 2159.276, 88.63, 126.13, 2.5
29.05.2012, 14:04:32, 5038.037, 2963.55, 60, 208V, 1325.787, 1266.431, 4.744, 3.046, Mpp, 1025, 443, 2001931035, 63.5, 216, 358, 173, 215, 2159.279, 88.53, 125.83, 3.9
29.05.2012, 14:04:32, 5038.037, 2963.55, 60, 208V, 1325.787, 1266.431, 4.744, 3.046, Mpp, 1025, 443, 2001931035, 63.5, 216, 358, 184, 221, 2159.279, 88.43, 125.63, 9
29.05.2012, 14:04:44, 5038.043, 2963.554, 60, 208V, 1325.791, 1266.435, 5.338, 3.485, Mpp, 1153, 443, 2001931035, 62.2, 216.1, 350, 379, 388, 2159.282, 88.23, 125.13, 4.4
29.05.2012, 14:04:55, 5038.064, 2963.563, 60, 208V, 1325.794, 1266.438, 24.628, 16.169, Mpp, 5421, 443, 2001931035, 63.5, 220.1, 351, 379, 388, 2159.282, 88.23, 125.13, 4.4
29.05.2012, 14:05:03, 5038.082, 2963.575, 60, 208V, 1325.796, 1266.44, 25.036, 16.526, Mpp, 5508, 443, 2001931035, 65.4, 220, 349, 976, 1028, 2159.286, 88.53, 124.43, 5.9
29.05.2012, 14:05:10, 5038.094, 2963.584, 60, 208V, 1325.798, 1266.442, 10.96, 7.208, Mpp, 2387, 443, 2001931035, 64.7, 217.8, 345, n.a
29.05.2012, 14:05:17, 5038.101, 2963.587, 60, 208V, 1325.8, 1266.444, 12.726, 8.083, Mpp, 2777, 443, 2001931035, 63.5, 218.2, 358, 574, 601, 2159.291, 88.73, 124.03, 6.6
29.05.2012, 14:05:26, 5038.122, 2963.598, 60.01, 208V, 1325.802, 1266.446, 21.994, 14.552, Mpp, 4834, 443, 2001931035, 64.7, 219.8, 347, 639, 672, 2159.291, 88.73, 124.03, 5.7
29.05.2012, 14:05:26, 5038.122, 2963.598, 60.01, 208V, 1325.802, 1266.446, 21.994, 14.552, Mpp, 4834, 443, 2001931035, 64.7, 219.8, 346, 824, 882, 2159.293, 88.73, 123.83, 7.2
29.05.2012, 14:05:33, 5038.137, 2963.607, 60.01, 208V, 1325.804, 1266.448, 21.948, 14.557, Mpp, 4822, 443, 2001931035, 65.4, 219.7, 346, 943, 1000, 2159.296, 88.53, 123.63, 11.4
29.05.2012, 14:05:46, 5038.169, 2963.626, 60, 208V, 1325.808, 1266.452, 24.55, 16.397, Mpp, 5406, 443, 2001931035, 66.6, 220.2, 345, 965, 1017, 2159.299, 88.23, 123.63, 12
29.05.2012, 14:05:57, 5038.196, 2963.642, 60, 208V, 1325.811, 1266.455, 21.686, 14.339, Mpp, 4764, 443, 2001931035, 66.6, 219.7, 347, 954, 1005, 2159.301, 87.93, 123.53, 8.9
29.05.2012, 14:05:57, 5038.196, 2963.642, 60, 208V, 1325.811, 1266.455, 21.686, 14.339, Mpp, 4764, 443, 2001931035, 66.6, 219.7, 347, 954, 1005, 2159.301, 87.93, 123.53, 8.9
29.05.2012, 14:06:05, 5038.217, 2963.654, 60, 208V, 1325.813, 1266.457, 25.106, 16.581, Mpp, 5526, 443, 2001931035, 67.2, 220.1, 349, 976, 1038, 2159.304, 87.83, 123.23, 4.3
29.05.2012, 14:06:13, 5038.237, 2963.666, 60, 208V, 1325.815, 1266.459, 25.15, 16.743, Mpp, 5533, 443, 2001931035, 67.9, 220, 346, 954, 1044, 2159.306, 87.93, 123.13, 5.9
29.05.2012, 14:06:20, 5038.252, 2963.676, 60, 208V, 1325.817, 1266.461, 18.302, 12.269, Mpp, 4004, 443, 2001931035, 67.2, 218.8, 340, 726, 797, 2159.309, 88.13, 123.13, 5.8
29.05.2012, 14:06:32, 5038.268, 2963.687, 60, 208V, 1325.821, 1266.465, 5.218, 3.381, Mpp, 1127, 443, 2001931035, 65.4, 216.1, 353, 726, 797, 2159.309, 88.13, 123.13, 5.8
29.05.2012, 14:06:36, 5038.269, 2963.688, 60, 208V, 1325.822, 1266.466, 5.008, 3.287, Mpp, 1082, 443, 2001931035, 64.1, 216.2, 349, 173, 215, 2159.313, 87.83, 122.83, 4.2
29.05.2012, 14:06:48, 5038.276, 2963.691, 60, 208V, 1325.825, 1266.469, 4.736, 3.117, Mpp, 1024, 443, 2001931035, 62.2, 216.2, 349, 173, 215, 2159.313, 87.83, 122.83, 4.2
29.05.2012, 14:06:52, 5038.278, 2963.692, 60, 208V, 1325.826, 1266.47, 4.812, 3.164, Mpp, 1040, 443, 2001931035, 62.2, 216.2, 349, 173, 212, 2159.317, 87.63, 122.13, 3.9
29.05.2012, 14:07:02, 5038.283, 2963.695, 60, 208V, 1325.829, 1266.473, 5.392, 3.445, Mpp, 1165, 443, 2001931035, 61, 216.1, 358, 184, 215, 2159.317, 87.63, 122.03, 6.6
29.05.2012, 14:07:11, 216, 244, 2159.319, 87.53, 121.73, 5.5
29.05.2012, 14:07:11, 5038.298, 2963.703, 60, 208V, 1325.833, 1266.477, 13.098, 8.299, Mpp, 2851, 443, 2001931035, 61, 217.7, 358, 303, 343, 2159.322, 87.33, 121.13, 4.1
29.05.2012, 14:07:17, 5038.298, 2963.703, 60, 208V, 1325.833, 1266.477, 13.098, 8.299, Mpp, 2851, 443, 2001931035, 61, 217.7, 358, 390, 464, 2159.324, 87.43, 120.63, 4.5
29.05.2012, 14:07:25, 5038.305, 2963.707, 60.01, 208V, 1325.835, 1266.479, 8.792, 5.604, Mpp, 1908, 443, 2001931035, 61, 217, 356, 498, 520, 2159.327, 87.53, 120.23, 13.9
29.05.2012, 14:07:36, 5038.324, 2963.717, 60.01, 208V, 1325.838, 1266.482, 21.442, 14.025, Mpp, 4700, 443, 2001931035, 62.2, 219.2, 350, 498, 520, 2159.327, 87.53, 120.23, 13.9
29.05.2012, 14:07:41, 5038.337, 2963.725, 60.01, 208V, 1325.84, 1266.484, 24.806, 16.493, Mpp, 5452, 443, 2001931035, 63.5, 219.8, 346, 921, 964, 2159.33, 87.43, 119.93, 8.1
29.05.2012, 14:07:47, 5038.356, 2963.734, 60.02, 208V, 1325.841, 1266.485, 25.086, 16.732, Mpp, 5514, 443, 2001931035, 64.1, 219.8, 345, 976, 1028, 2159.332, 87.43, 119.63, 8.1
29.05.2012, 14:07:54, 5038.371, 2963.745, 60.03, 208V, 1325.843, 1266.487, 25.406, 16.759, Mpp, 5584, 443, 2001931035, 65.4, 219.8, 349, 986, 1041, 2159.334, 87.43, 119.53, 5.3
29.05.2012, 14:08:05, 5038.4, 2963.762, 60.03, 208V, 1325.846, 1266.49, 25.532, 16.535, Mpp, 5617, 443, 2001931035, 66, 220, 356, 986, 1045, 2159.336, 87.53, 119.33, 6.2
29.05.2012, 14:08:05, 5038.4, 2963.762, 60.03, 208V, 1325.846, 1266.49, 25.532, 16.535, Mpp, 5617, 443, 2001931035, 66, 220, 356, 986, 1045, 2159.336, 87.53, 119.33, 6.2
29.05.2012, 14:08:14, 5038.424, 2963.776, 60.03, 208V, 1325.849, 1266.493, 25.5, 16.108, Mpp, 5607, 443, 2001931035, 66.6, 219.9, 365, 976, 1033, 2159.34, 87.53, 119.23, 8.1
29.05.2012, 14:08:27, 5038.458, 2963.796, 60.03, 208V, 1325.853, 1266.496, 25.486, 16.142, Mpp, 5604, 443, 2001931035, 67.2, 219.9, 364, 976, 1031, 2159.34, 87.53, 119.23, 8
29.05.2012, 14:08:27, 5038.458, 2963.808, 60.03, 208V, 1325.853, 1266.496, 25.518, 16.288, Mpp, 5609, 443, 2001931035, 67.2, 219.8, 361, 986, 1036, 2159.342, 87.33, 119.13, 6.6
29.05.2012, 14:08:35, 5038.48, 2963.808, 60.03, 208V, 1325.855, 1266.499, 25.518, 16.288, Mpp, 5609, 443, 2001931035, 67.2, 219.8, 361, 986, 1043, 2159.346, 87.53, 119.33, 2.5
29.05.2012, 14:08:45, 5038.506, 2963.824, 60.03, 208V, 1325.858, 1266.501, 25.462, 16.302, Mpp, 5599, 443, 2001931035, 67.9, 219.9, 360, 986, 1045, 2159.348, 87.63, 119.53, 5
29.05.2012, 14:08:52, 5038.524, 2963.835, 60.03, 208V, 1325.86, 1266.503, 25.674, 16.389, Mpp, 5643, 443, 2001931035, 67.9, 219.8, 361, 997, 1053, 2159.35, 87.63, 119.73, 7.8
29.05.2012, 14:09:03, 5038.553, 2963.852, 60.03, 208V, 1325.863, 1266.506, 25.602, 16.312, Mpp, 5632, 443, 2001931035, 68.5, 220, 362, 997, 1051, 2159.352, 87.53, 119.73, 4.8
29.05.2012, 14:09:08, 5038.57, 2963.86, 60.03, 208V, 1325.864, 1266.508, 25.676, 16.056, Mpp, 5648, 443, 2001931035, 68.5, 220, 369, 889, 997, 2159.354, 87.43, 119.83, 7.9
29.05.2012, 14:09:15, 5038.579, 2963.868, 60.02, 208V, 1325.866, 1266.51, 10.588, 6.515, Mpp, 2302, 443, 2001931035, 67.2, 217.4, 369, 889, 997, 2159.354, 87.43, 119.83, 7.9
29.05.2012, 14:09:15, 5038.579, 2963.868, 60.02, 208V, 1325.866, 1266.51, 10.588, 6.515, Mpp, 2302, 443, 2001931035, 67.2, 217.4, 369, 520, 579, 2159.357, 87.33, 120.03, 5.9
29.05.2012, 14:09:26, 5038.594, 2963.877, 60.02, 208V, 1325.869, 1266.513, 15.338, 9.374, Mpp, 3343, 443, 2001931035, 66, 218, 372, 629, 725, 2159.36, 87.43, 120.03, 9.7
29.05.2012, 14:09:26, 5038.594, 2963.877, 60.02, 208V, 1325.869, 1266.513, 15.338, 9.374, Mpp, 3343, 443, 2001931035, 66, 218, 372, 629, 725, 2159.36, 87.43, 120.03, 9.7
29.05.2012, 14:09:38, 281, 344, 2159.364, 87.53, 119.83, 8.6
29.05.2012, 14:09:50, 5038.62, 2963.893, 60.02, 208V, 1325.876, 1266.52, 5.95, 3.75, Mpp, 1286, 443, 2001931035, 62.8, 216.1, 362, 281, 344, 2159.364, 87.53, 119.83, 8.6
29.05.2012, 14:09:55, 5038.621, 2963.894, 60.02, 208V, 1325.877, 1266.521, 5.79, 3.693, Mpp, 1252, 443, 2001931035, 62.2, 216.2, 358, 216, 250, 2159.367, 87.43, 119.43, 8.7
29.05.2012, 14:10:00, 5038.625, 2963.896, 60.02, 208V, 1325.878, 1266.522, 5.658, 3.582, Mpp, 1223, 443, 2001931035, 61.6, 216.2, 361, 206, 241, 2159.369, 87.23, 118.93, 5.6
29.05.2012, 14:10:07, 5038.628, 2963.898, 60.02, 208V, 1325.88, 1266.524, 5.61, 3.579, Mpp, 1212, 443, 2001931035, 61, 216.1, 358, 216, 244, 2159.371, 87.23, 118.33, 9
29.05.2012, 14:10:19, 5038.643, 2963.905, 60.03, 208V, 1325.884, 1266.528, 22.09, 13.955, Mpp, 4844, 443, 2001931035, 61, 219.3, 363, 216, 244, 2159.371, 87.23, 118.33, 9
29.05.2012, 14:10:19, 5038.643, 2963.905, 60.03, 208V, 1325.884, 1266.528, 22.09, 13.955, Mpp, 4844, 443, 2001931035, 61, 219.3, 363, 878, 886, 2159.374, 87.13, 117.73, 2.5
29.05.2012, 14:10:28, 5038.667, 2963.918, 60.03, 208V, 1325.886, 1266.53, 25.614, 16.544, Mpp, 5635, 443, 2001931035, 64.1, 220, 357, 986, 1041, 2159.376, 87.23, 117.53, 6.4
29.05.2012, 14:10:34, 5038.684, 2963.928, 60.03, 208V, 1325.888, 1266.532, 25.484, 16.457, Mpp, 5606, 443, 2001931035, 64.7, 220, 357, 986, 1041, 2159.376, 87.23, 117.53, 6.4
29.05.2012, 14:10:34, 5038.684, 2963.928, 60.03, 208V, 1325.888, 1266.532, 25.484, 16.457, Mpp, 5606, 443, 2001931035, 64.7, 220, 357, 965, 1031, 2159.38, 87.13, 117.63, 8
29.05.2012, 14:10:51, 5038.727, 2963.954, 60.02, 208V, 1325.893, 1266.536, 25.032, 15.857, Mpp, 5507, 443, 2001931035, 66.6, 220, 364, 965, 1022, 2159.383, 86.93, 117.83, 13.1
29.05.2012, 14:11:04, 5038.761, 2963.974, 60.03, 208V, 1325.896, 1266.54, 24.842, 15.671, Mpp, 5458, 443, 2001931035, 66.6, 219.7, 365, 954, 1015, 2159.386, 86.83, 118.03, 12.5
29.05.2012, 14:11:04, 5038.761, 2963.974, 60.03, 208V, 1325.896, 1266.54, 24.842, 15.671, Mpp, 5458, 443, 2001931035, 66.6, 219.7, 365, 954, 1015, 2159.386, 86.83, 118.03, 12.5
29.05.2012, 14:11:14, 5038.786, 2963.989, 60.02, 208V, 1325.899, 1266.543, 24.806, 15.76, Mpp, 5430, 443, 2001931035, 67.2, 218.9, 361, 943, 1004, 2159.39, 86.93, 118.23, 11.3
29.05.2012, 14:11:25, 5038.813, 2964.005, 60.02, 208V, 1325.902, 1266.546, 24.528, 15.454, Mpp, 5369, 443, 2001931035, 67.9, 218.9, 364, 943, 998, 2159.392, 86.93, 118.33, 8.6
29.05.2012, 14:11:30, 5038.829, 2964.013, 60.02, 208V, 1325.903, 1266.547, 24.62, 15.417, Mpp, 5370, 443, 2001931035, 67.9, 218.1, 365, 943, 996, 2159.393, 86.83, 118.33, 7.7
29.05.2012, 14:11:36, 5038.844, 2964.022, 60.02, 208V, 1325.905, 1266.549, 24.718, 15.315, Mpp, 5391, 443, 2001931035, 67.9, 218.1, 369, 943, 996, 2159.393, 86.83, 118.33, 7.7
29.05.2012, 14:11:36, 5038.844, 2964.022, 60.02, 208V, 1325.905, 1266.549, 24.718, 15.315, Mpp, 5391, 443, 2001931035, 67.9, 218.1, 369, 954, 1006, 2159.397, 86.93, 118.63, 6.8
29.05.2012, 14:11:49, 5038.875, 2964.041, 60.02, 208V, 1325.909, 1266.553, 25.124, 15.791, Mpp, 5454, 443, 2001931035, 68.5, 217.1, 362, 954, 1012, 2159.399, 86.93, 118.73, 3.9
29.05.2012, 14:11:56, 5038.893, 2964.052, 60.01, 208V, 1325.911, 1266.555, 25.182, 15.537, Mpp, 5467, 443, 2001931035, 68.5, 217.1, 369, 965, 1019, 2159.402, 87.13, 118.93, 5.3
29.05.2012, 14:12:08, 5038.924, 2964.07, 60, 208V, 1325.914, 1266.558, 25.428, 16.161, Mpp, 5505, 443, 2001931035, 68.5, 216.5, 357, 965, 1019, 2159.402, 87.13, 118.93, 5.3
29.05.2012, 14:12:16, 5038.946, 2964.083, 60.01, 208V, 1325.916, 1266.56, 25.628, 16.122, Mpp, 5551, 443, 2001931035, 68.5, 216.6, 361, 965, 1017, 2159.405, 87.33, 119.13, 3.1
29.05.2012, 14:12:16, 5038.946, 2964.083, 60.01, 208V, 1325.916, 1266.56, 25.628, 16.122, Mpp, 5551, 443, 2001931035, 68.5, 216.6, 361, 965, 1017, 2159.405, 87.33, 119.13, 3.1
29.05.2012, 14:12:24, 5038.965, 2964.094, 60, 208V, 1325.918, 1266.562, 22.906, 14.024, Mpp, 4943, 443, 2001931035, 68.5, 215.8, 369, 867, 920, 2159.409, 87.33, 119.43, 6.4
29.05.2012, 14:12:36, 5038.992, 2964.111, 60.01, 208V, 1325.922, 1266.566, 22.262, 13.481, Mpp, 4804, 443, 2001931035, 68.5, 215.8, 373, 867, 920, 2159.409, 87.33, 119.43, 6.4
29.05.2012, 14:12:41, 5039.004, 2964.117, 60.01, 208V, 1325.923, 1266.567, 21.718, 13.279, Mpp, 4684, 443, 2001931035, 68.5, 215.7, 369, 856, 911, 2159.413, 87.33, 119.53, 5.8
29.05.2012, 14:12:47, 5039.021, 2964.126, 60.01, 208V, 1325.925, 1266.569, 24.368, 15.042, Mpp, 5268, 443, 2001931035, 68.5, 216.2, 367, 748, 840, 2159.415, 87.43, 119.63, 3.7
29.05.2012, 14:12:58, 5039.038, 2964.138, 60.01, 208V, 1325.928, 1266.572, 12.592, 7.582, Mpp, 2717, 443, 2001931035, 67.2, 215.8, 374, 574, 670, 2159.417, 87.33, 119.63, 5.7
29.05.2012, 14:13:05, 5039.051, 2964.146, 59.97, 208V, 1325.93, 1266.574, 18.81, 11.767, Mpp, 4159, 443, 2001931035, 66.6, 221.1, 369, 629, 695, 2159.419, 87.33, 119.73, 6.8
29.05.2012, 14:13:12, 5039.062, 2964.152, 60, 208V, 1325.932, 1266.576, 8.5, 5.331, Mpp, 1879, 443, 2001931035, 65.4, 221.1, 369, 433, 518, 2159.421, 87.23, 119.73, 6.5
29.05.2012, 14:13:12, 5039.062, 2964.152, 60, 208V, 1325.932, 1266.576, 8.5, 5.331, Mpp, 1879, 443, 2001931035, 65.4, 221.1, 369, 433, 518, 2159.421, 87.23, 119.73, 6.5
29.05.2012, 14:13:22, 5039.067, 2964.156, 60, 208V, 1325.935, 1266.578, 5.556, 3.481, Mpp, 1226, 443, 2001931035, 64.1, 220.7, 373, 206, 250, 2159.425, 87.03, 119.53, 9.1
29.05.2012, 14:13:32, 5039.074, 2964.16, 60, 208V, 1325.938, 1266.581, 5.58, 3.534, Mpp, 1229, 443, 2001931035, 62.8, 220.3, 368, 227, 268, 2159.427, 86.93, 119.33, 4.3
29.05.2012, 14:13:39, 5039.077, 2964.163, 60, 208V, 1325.939, 1266.583, 5.98, 3.774, Mpp, 1319, 443, 2001931035, 62.2, 220.6, 369, 281, 326, 2159.43, 86.83, 118.83, 8.7
29.05.2012, 14:13:49, 5039.087, 2964.168, 59.99, 208V, 1325.942, 1266.586, 6.908, 4.312, Mpp, 1525, 443, 2001931035, 62.2, 220.7, 372, 292, 338, 2159.431, 86.73, 118.33, 6.4
29.05.2012, 14:13:55, 5039.091, 2964.17, 59.98, 208V, 1325.944, 1266.588, 6.112, 3.882, Mpp, 1347, 443, 2001931035, 61.6, 220.5, 366, 227, 273, 2159.434, 86.53, 117.83, 6.9
29.05.2012, 14:14:05, 5039.101, 2964.175, 59.99, 208V, 1325.946, 1266.59, 16.412, 10.387, Mpp, 3646, 443, 2001931035, 61.6, 222.2, 366, 455, 485, 2159.435, 86.53, 117.33, 6.3
29.05.2012, 14:14:11, 5039.109, 2964.181, 59.99, 208V, 1325.948, 1266.592, 15.574, 9.808, Mpp, 3462, 443, 2001931035, 62.2, 222.3, 368, 531, 617, 2159.437, 86.53, 116.93, 4.5
29.05.2012, 14:14:16, 5039.116, 2964.184, 59.99, 208V, 1325.95, 1266.593, 10.356, 6.488, Mpp, 2293, 443, 2001931035, 61.6, 221.4, 369, 563, 622, 2159.439, 86.43, 116.63, 4.1
29.05.2012, 14:14:22, 5039.13, 2964.191, 59.99, 208V, 1325.951, 1266.595, 21.996, 13.855, Mpp, 4914, 443, 2001931035, 62.2, 223.4, 371, 889, 920, 2159.441, 86.53, 116.13, 5.1
29.05.2012, 14:14:34, 5039.162, 2964.21, 59.99, 208V, 1325.955, 1266.599, 24.632, 16.002, Mpp, 5515, 443, 2001931035, 64.7, 223.9, 361, 965, 1017, 2159.444, 86.63, 115.93, 4.8
29.05.2012, 14:14:34, 5039.162, 2964.21, 59.99, 208V, 1325.955, 1266.599, 24.632, 16.002, Mpp, 5515, 443, 2001931035, 64.7, 223.9, 361, 965, 1017, 2159.444, 86.63, 115.93, 4.8
29.05.2012, 14:14:45, 5039.191, 2964.226, 60, 208V, 1325.958, 1266.601, 24.564, 15.73, Mpp, 5495, 443, 2001931035, 65.4, 223.7, 366, 954, 1014, 2159.447, 87.03, 116.03, 9.5
29.05.2012, 14:14:52, 5039.206, 2964.236, 60.01, 208V, 1325.96, 1266.603, 24.466, 15.702, Mpp, 5471, 443, 2001931035, 66, 223.6, 365, 954, 1010, 2159.45, 87.03, 116.03, 12
29.05.2012, 14:15:03, 5039.235, 2964.253, 60.01, 208V, 1325.963, 1266.606, 24.38, 15.671, Mpp, 5446, 443, 2001931035, 66.6, 223.4, 364, 954, 1009, 2159.452, 86.93, 116.13, 9.4
29.05.2012, 14:15:09, 5039.25, 2964.262, 60.02, 208V, 1325.964, 1266.608, 24.446, 15.626, Mpp, 5459, 443, 2001931035, 66.6, 223.3, 366, 954, 1008, 2159.454, 87.03, 116.23, 6
29.05.2012, 14:15:09, 5039.25, 2964.262, 60.02, 208V, 1325.964, 1266.608, 24.446, 15.626, Mpp, 5459, 443, 2001931035, 66.6, 223.3, 366, 954, 1009, 2159.455, 87.03, 116.33, 5.7
29.05.2012, 14:15:20, 5039.279, 2964.279, 60.02, 208V, 1325.967, 1266.611, 24.324, 15.463, Mpp, 5446, 443, 2001931035, 67.2, 223.9, 369, 954, 1008, 2159.457, 87.23, 116.43, 6.6
29.05.2012, 14:15:28, 5039.3, 2964.291, 60.03, 208V, 1325.97, 1266.613, 24.328, 15.637, Mpp, 5449, 443, 2001931035, 67.2, 224, 365, 954, 1008, 2159.457, 87.23, 116.43, 6.6
29.05.2012, 14:15:28, 5039.3, 2964.291, 60.03, 208V, 1325.97, 1266.613, 24.328, 15.637, Mpp, 5449, 443, 2001931035, 67.2, 224, 365, 954, 1013, 2159.462, 87.73, 116.63, 8.4
29.05.2012, 14:15:28, 5039.3, 2964.291, 60.03, 208V, 1325.97, 1266.613, 24.328, 15.637, Mpp, 5449, 443, 2001931035, 67.2, 224, 365, 954, 1013, 2159.462, 87.73, 116.63, 8.4
29.05.2012, 14:15:50, 5039.357, 2964.325, 60.02, 208V, 1325.976, 1266.62, 21.796, 13.638, Mpp, 4850, 443, 2001931035, 67.2, 222.5, 372, 737, 822, 2159.466, 87.73, 117.03, 4.1
29.05.2012, 14:16:03, 5039.368, 2964.333, 60.03, 208V, 1325.979, 1266.623, 4.388, 2.764, Mpp, 954, 443, 2001931035, 64.1, 217.5, 369, 585, 654, 2159.466, 87.73, 117.13, 3.6
29.05.2012, 14:16:03, 5039.368, 2964.333, 60.03, 208V, 1325.979, 1266.623, 4.388, 2.764, Mpp, 954, 443, 2001931035, 64.1, 217.5, 369, 206, 281, 2159.468, 87.73, 117.13, 2.7
29.05.2012, 14:16:11, 5039.371, 2964.335, 60.03, 208V, 1325.981, 1266.625, 4.222, 2.671, Mpp, 913, 443, 2001931035, 62.8, 216.2, 366, 151, 180, 2159.472, 87.33, 116.83, 13
29.05.2012, 14:16:23, 5039.376, 2964.339, 60.04, 208V, 1325.985, 1266.629, 4.194, 2.644, Mpp, 901, 443, 2001931035, 61.6, 214.8, 365, 151, 180, 2159.474, 87.13, 116.63, 12.9
29.05.2012, 14:16:30, 5039.38, 2964.34, 60.04, 208V, 1325.987, 1266.631, 4.26, 2.716, Mpp, 917, 443, 2001931035, 61, 215.3, 361, 162, 183, 2159.476, 86.73, 116.33, 8.9
29.05.2012, 14:16:39, 5039.383, 2964.343, 60.03, 208V, 1325.99, 1266.633, 4.46, 2.828, Mpp, 959, 443, 2001931035, 60.3, 215.1, 362, 162, 188, 2159.478, 86.43, 116.03, 14.4
29.05.2012, 14:16:39, 5039.383, 2964.343, 60.03, 208V, 1325.99, 1266.633, 4.46, 2.828, Mpp, 959, 443, 2001931035, 60.3, 215.1, 362, 162, 188, 2159.478, 86.43, 116.03, 14.4
29.05.2012, 14:16:47, 5039.386, 2964.345, 60.03, 208V, 1325.992, 1266.636, 4.592, 2.94, Mpp, 988, 443, 2001931035, 59.7, 215.2, 358, 173, 194, 2159.481, 86.23, 115.73, 6.2
29.05.2012, 14:16:54, 5039.39, 2964.347, 60.02, 208V, 1325.993, 1266.637, 4.608, 2.959, Mpp, 992, 443, 2001931035, 59.7, 215.4, 357, 173, 195, 2159.483, 86.03, 115.23, 8.1
29.05.2012, 14:17:04, 173, 197, 2159.485, 86.03, 114.93, 2.7
29.05.2012, 14:17:10, 5039.398, 2964.351, 60.02, 208V, 1325.998, 1266.642, 4.932, 3.112, Mpp, 1057, 443, 2001931035, 58.4, 214.3, 361, 173, 197, 2159.485, 86.03, 114.93, 2.7
29.05.2012, 14:17:10, 5039.398, 2964.351, 60.02, 208V, 1325.998, 1266.642, 4.932, 3.112, Mpp, 1057, 443, 2001931035, 58.4, 214.3, 361, 195, 221, 2159.488, 86.33, 114.53, 5.8
29.05.2012, 14:17:21, 5039.405, 2964.355, 60.02, 208V, 1326.001, 1266.645, 8.692, 5.389, Mpp, 1864, 443, 2001931035, 58.4, 214.5, 362, 444, 490, 2159.49, 86.43, 114.13, 12.2
29.05.2012, 14:17:32, 5039.425, 2964.367, 60.02, 208V, 1326.004, 1266.648, 24.486, 15.208, Mpp, 5326, 443, 2001931035, 60.3, 217.5, 367, 531, 573, 2159.491, 86.33, 113.93, 11.1
29.05.2012, 14:17:41, 5039.449, 2964.379, 60.02, 208V, 1326.006, 1266.65, 25.72, 15.831, Mpp, 5568, 443, 2001931035, 62.2, 216.5, 369, 737, 788, 2159.493, 86.23, 113.73, 4.7
29.05.2012, 14:17:48, 5039.468, 2964.39, 60.01, 208V, 1326.008, 1266.652, 25.316, 15.578, Mpp, 5481, 443, 2001931035, 63.5, 216.5, 369, 943, 1008, 2159.497, 86.33, 113.53, 4.8
29.05.2012, 14:17:55, 5039.485, 2964.4, 60.01, 208V, 1326.01, 1266.654, 25.056, 15.531, Mpp, 5422, 443, 2001931035, 64.1, 216.4, 366, 943, 1008, 2159.497, 86.33, 113.53, 4.8
29.05.2012, 14:18:02, 5039.504, 2964.411, 60.01, 208V, 1326.012, 1266.656, 24.802, 15.08, Mpp, 5364, 443, 2001931035, 64.7, 216.3, 373, 932, 992, 2159.501, 86.53, 113.73, 6.1
29.05.2012, 14:18:02, 5039.504, 2964.411, 60.01, 208V, 1326.012, 1266.656, 24.802, 15.08, Mpp, 5364, 443, 2001931035, 64.7, 216.3, 373, 932, 992, 2159.501, 86.53, 113.73, 6.1
29.05.2012, 14:18:11, 5039.527, 2964.425, 60, 208V, 1326.015, 1266.659, 24.404, 14.823, Mpp, 5274, 443, 2001931035, 65.4, 216.1, 373, 911, 977, 2159.505, 86.43, 113.93, 7.1
29.05.2012, 14:18:22, 5039.555, 2964.441, 60.01, 208V, 1326.018, 1266.662, 24.324, 14.936, Mpp, 5259, 443, 2001931035, 65.4, 216.2, 369, 900, 974, 2159.507, 86.43, 114.13, 8.3
29.05.2012, 14:18:29, 5039.57, 2964.45, 60.01, 208V, 1326.02, 1266.664, 24.222, 14.864, Mpp, 5234, 443, 2001931035, 66, 216.1, 369, 900, 972, 2159.508, 86.43, 114.13, 6.3
29.05.2012, 14:18:34, 5039.585, 2964.459, 60, 208V, 1326.021, 1266.665, 24.032, 14.822, Mpp, 5220, 443, 2001931035, 66, 217.2, 369, 900, 969, 2159.51, 86.43, 114.33, 7.9
29.05.2012, 14:18:41, 5039.599, 2964.468, 60.01, 208V, 1326.023, 1266.667, 23.878, 14.796, Mpp, 5212, 443, 2001931035, 66, 218.3, 369, 900, 968, 2159.513, 86.73, 114.63, 5.7
29.05.2012, 14:18:51, 5039.624, 2964.482, 60, 208V, 1326.026, 1266.67, 23.886, 14.797, Mpp, 5212, 443, 2001931035, 66.6, 218.2, 369, 889, 968, 2159.514, 86.73, 114.73, 7.8
29.05.2012, 14:18:58, 5039.641, 2964.492, 60, 208V, 1326.028, 1266.672, 23.794, 14.73, Mpp, 5189, 443, 2001931035, 66.6, 218.1, 369, 889, 968, 2159.514, 86.73, 114.73, 7.8
29.05.2012, 14:18:58, 5039.641, 2964.492, 60, 208V, 1326.028, 1266.672, 23.794, 14.73, Mpp, 5189, 443, 2001931035, 66.6, 218.1, 369, 889, 965, 2159.518, 86.53, 114.93, 7.7
29.05.2012, 14:19:08, 5039.669, 2964.507, 60, 208V, 1326.031, 1266.675, 23.722, 14.844, Mpp, 5174, 443, 2001931035, 66.6, 218.1, 365, 889, 962, 2159.52, 86.13, 115.03, 9.3
29.05.2012, 14:19:19, 5039.692, 2964.522, 60, 208V, 1326.034, 1266.678, 23.746, 14.813, Mpp, 5177, 443, 2001931035, 66.6, 218, 366, 889, 961, 2159.522, 86.23, 115.13, 7.3
29.05.2012, 14:19:25, 5039.708, 2964.531, 60, 208V, 1326.035, 1266.679, 23.626, 14.908, Mpp, 5155, 443, 2001931035, 67.2, 218.2, 362, 889, 960, 2159.524, 86.33, 115.13, 6.8
29.05.2012, 14:19:31, 5039.721, 2964.539, 59.99, 208V, 1326.037, 1266.681, 23.562, 14.625, Mpp, 5139, 443, 2001931035, 67.2, 218.1, 368, 889, 957, 2159.526, 86.33, 115.33, 11.4
29.05.2012, 14:19:37, 5039.742, 2964.548, 59.99, 208V, 1326.039, 1266.683, 23.624, 14.444, Mpp, 5129, 443, 2001931035, 67.2, 217.1, 372, 889, 956, 2159.527, 86.23, 115.33, 6.2
29.05.2012, 14:19:44, 889, 956, 2159.527, 86.23, 115.33, 6.2
29.05.2012, 14:19:44, 5039.759, 2964.558, 60, 208V, 1326.041, 1266.685, 23.676, 14.741, Mpp, 5138, 443, 2001931035, 67.2, 217, 365, 889, 958, 2159.531, 86.33, 115.33, 3.9
29.05.2012, 14:19:56, 5039.782, 2964.575, 60, 208V, 1326.044, 1266.688, 23.904, 14.631, Mpp, 5153, 443, 2001931035, 67.2, 215.6, 369, 889, 960, 2159.534, 86.53, 115.33, 5.7
29.05.2012, 14:20:07, 5039.81, 2964.591, 60.01, 208V, 1326.047, 1266.691, 23.854, 14.738, Mpp, 5150, 443, 2001931035, 67.2, 215.9, 366, 889, 960, 2159.534, 86.53, 115.33, 5.7
29.05.2012, 14:20:13, 5039.827, 2964.601, 60, 208V, 1326.049, 1266.693, 23.79, 14.415, Mpp, 5131, 443, 2001931035, 67.9, 215.7, 373, 889, 960, 2159.534, 86.53, 115.33, 5.7
29.05.2012, 14:20:13, 5039.827, 2964.601, 60, 208V, 1326.049, 1266.693, 23.79, 14.415, Mpp, 5131, 443, 2001931035, 67.9, 215.7, 373, 878, 955, 2159.54, 86.43, 115.43, 9.5
29.05.2012, 14:20:28, 5039.861, 2964.621, 60.01, 208V, 1326.053, 1266.697, 23.632, 14.618, Mpp, 5095, 443, 2001931035, 67.9, 215.6, 365, 878, 949, 2159.541, 86.33, 115.43, 13.9
29.05.2012, 14:20:28, 5039.861, 2964.621, 60.01, 208V, 1326.053, 1266.697, 23.632, 14.618, Mpp, 5095, 443, 2001931035, 67.9, 215.6, 365, 878, 949, 2159.541, 86.33, 115.43, 13.9
29.05.2012, 14:20:33, 5039.876, 2964.628, 60.01, 208V, 1326.054, 1266.698, 23.488, 14.509, Mpp, 5071, 443, 2001931035, 67.9, 215.9, 366, 867, 936, 2159.545, 86.23, 115.63, 4.3
29.05.2012, 14:20:49, 5039.91, 2964.65, 60, 208V, 1326.059, 1266.703, 23.044, 14.515, Mpp, 5021, 443, 2001931035, 67.9, 217.9, 362, 867, 933, 2159.547, 86.33, 115.73, 5.2
29.05.2012, 14:20:55, 5039.924, 2964.659, 60, 208V, 1326.06, 1266.704, 22.778, 14.186, Mpp, 4988, 443, 2001931035, 67.9, 219, 368, 856, 924, 2159.55, 86.53, 116.03, 8
29.05.2012, 14:21:05, 5039.947, 2964.672, 60, 208V, 1326.063, 1266.707, 22.64, 14.068, Mpp, 4960, 443, 2001931035, 67.9, 219.1, 369, 856, 920, 2159.552, 86.43, 116.23, 7.9
29.05.2012, 14:21:11, 5039.964, 2964.681, 60, 208V, 1326.065, 1266.709, 22.766, 14.242, Mpp, 4981, 443, 2001931035, 67.9, 218.8, 366, 856, 919, 2159.554, 86.33, 116.33, 7.6
29.05.2012, 14:21:11, 5039.964, 2964.681, 60, 208V, 1326.065, 1266.709, 22.766, 14.242, Mpp, 4981, 443, 2001931035, 67.9, 218.8, 366, 856, 918, 2159.554, 86.33, 116.43, 13.1
29.05.2012, 14:21:21, 5039.988, 2964.696, 60, 208V, 1326.068, 1266.712, 22.76, 14.289, Mpp, 4984, 443, 2001931035, 67.9, 219, 365, 856, 923, 2159.557, 86.23, 116.53, 13.8
29.05.2012, 14:21:30, 5040.009, 2964.708, 60, 208V, 1326.07, 1266.714, 22.698, 14.123, Mpp, 4966, 443, 2001931035, 67.9, 218.8, 368, 856, 922, 2159.56, 86.23, 116.73, 5.9
29.05.2012, 14:21:42, 5040.037, 2964.725, 60.01, 208V, 1326.074, 1266.718, 22.632, 14.472, Mpp, 4954, 443, 2001931035, 67.9, 218.9, 358, 856, 922, 2159.56, 86.23, 116.73, 5.9
29.05.2012, 14:21:47, 5040.048, 2964.73, 60.01, 208V, 1326.075, 1266.719, 22.64, 14.352, Mpp, 4953, 443, 2001931035, 67.9, 218.8, 361, 856, 922, 2159.564, 86.43, 117.03, 4.8
29.05.2012, 14:21:57, 5040.07, 2964.744, 60.01, 208V, 1326.078, 1266.721, 22.634, 14.375, Mpp, 4961, 443, 2001931035, 67.9, 219.2, 361, 856, 924, 2159.566, 86.53, 117.13, 7.3
29.05.2012, 14:22:04, 5040.087, 2964.754, 60.01, 208V, 1326.08, 1266.723, 22.66, 14.387, Mpp, 4965, 443, 2001931035, 67.9, 219.1, 361, 856, 925, 2159.568, 86.63, 117.43, 3.9
29.05.2012, 14:22:11, 5040.105, 2964.765, 60.02, 208V, 1326.082, 1266.726, 22.698, 14.105, Mpp, 4973, 443, 2001931035, 67.9, 219.1, 369, 856, 925, 2159.568, 86.63, 117.43, 3.9
29.05.2012, 14:22:17, 5040.116, 2964.772, 60.02, 208V, 1326.083, 1266.727, 22.72, 14.12, Mpp, 4978, 443, 2001931035, 67.9, 219.1, 369, 856, 928, 2159.571, 86.83, 117.83, 7.1
29.05.2012, 14:22:23, 5040.131, 2964.78, 60.02, 208V, 1326.085, 1266.729, 22.7, 14.221, Mpp, 4974, 443, 2001931035, 67.9, 219.1, 366, 856, 927, 2159.574, 86.93, 118.13, 3.6
29.05.2012, 14:22:34, 5040.156, 2964.795, 60.01, 208V, 1326.088, 1266.732, 22.664, 14.242, Mpp, 4968, 443, 2001931035, 67.9, 219.2, 365, 856, 927, 2159.574, 86.93, 118.23, 5.3
29.05.2012, 14:22:42, 5040.177, 2964.806, 60.01, 208V, 1326.09, 1266.734, 22.664, 14.227, Mpp, 4963, 443, 2001931035, 67.9, 219, 365, 856, 926, 2159.578, 87.13, 118.53, 2.4
29.05.2012, 14:22:42, 5040.177, 2964.806, 60.01, 208V, 1326.09, 1266.734, 22.664, 14.227, Mpp, 4963, 443, 2001931035, 67.9, 219, 365, 856, 926, 2159.578, 87.13, 118.53, 2.4
29.05.2012, 14:22:51, 5040.196, 2964.819, 60.02, 208V, 1326.093, 1266.736, 22.754, 14.338, Mpp, 4988, 443, 2001931035, 67.9, 219.2, 364, 867, 934, 2159.582, 87.23, 118.73, 4.8
29.05.2012, 14:23:04, 5040.226, 2964.837, 60.02, 208V, 1326.096, 1266.74, 22.736, 14.285, Mpp, 4983, 443, 2001931035, 67.9, 219.2, 365, 867, 930, 2159.584, 87.13, 118.83, 6.7
29.05.2012, 14:23:11, 5040.245, 2964.848, 60.02, 208V, 1326.098, 1266.742, 22.688, 14.267, Mpp, 4977, 443, 2001931035, 67.9, 219.4, 365, 867, 931, 2159.586, 87.13, 118.83, 7.8
29.05.2012, 14:23:19, 5040.262, 2964.857, 60.02, 208V, 1326.1, 1266.744, 22.674, 14.134, Mpp, 4970, 443, 2001931035, 67.9, 219.2, 368, 867, 931, 2159.588, 87.13, 118.93, 9
29.05.2012, 14:23:25, 5040.279, 2964.867, 60.03, 208V, 1326.102, 1266.746, 22.76, 14.458, Mpp, 4989, 443, 2001931035, 68.5, 219.2, 361, 867, 932, 2159.59, 86.73, 119.03, 9.3
29.05.2012, 14:23:31, 5040.292, 2964.874, 60.03, 208V, 1326.104, 1266.748, 22.754, 14.178, Mpp, 4985, 443, 2001931035, 68.5, 219.1, 368, 867, 934, 2159.592, 86.43, 119.03, 5.1
29.05.2012, 14:23:37, 5040.308, 2964.882, 60.03, 208V, 1326.105, 1266.749, 22.868, 14.5, Mpp, 5017, 443, 2001931035, 68.5, 219.4, 362, 878, 941, 2159.594, 86.33, 118.93, 5.1
29.05.2012, 14:23:48, 5040.333, 2964.898, 60.03, 208V, 1326.108, 1266.752, 22.986, 14.454, Mpp, 5041, 443, 2001931035, 68.5, 219.3, 365, 878, 942, 2159.595, 86.43, 118.93, 4.7
29.05.2012, 14:23:54, 5040.347, 2964.908, 60.03, 208V, 1326.11, 1266.754, 22.95, 14.307, Mpp, 5030, 443, 2001931035, 68.5, 219.2, 368, 878, 945, 2159.596, 86.53, 118.93, 7
29.05.2012, 14:23:54, 5040.347, 2964.908, 60.03, 208V, 1326.11, 1266.754, 22.95, 14.307, Mpp, 5030, 443, 2001931035, 68.5, 219.2, 368, 878, 945, 2159.599, 86.73, 118.93, 5.7
29.05.2012, 14:24:03, 5040.369, 2964.919, 60.03, 208V, 1326.113, 1266.756, 22.922, 14.458, Mpp, 5029, 443, 2001931035, 68.5, 219.4, 364, 878, 945, 2159.601, 86.73, 119.03, 9.8
29.05.2012, 14:24:03, 5040.369, 2964.919, 60.03, 208V, 1326.113, 1266.756, 22.922, 14.458, Mpp, 5029, 443, 2001931035, 68.5, 219.4, 364, 878, 945, 2159.602, 86.73, 119.03, 8.4
29.05.2012, 14:24:16, 5040.398, 2964.937, 60.03, 208V, 1326.116, 1266.76, 22.88, 14.393, Mpp, 5020, 443, 2001931035, 67.9, 219.4, 365, 878, 943, 2159.604, 86.73, 119.23, 5.8
29.05.2012, 14:24:23, 5040.413, 2964.947, 60.03, 208V, 1326.118, 1266.762, 22.886, 14.376, Mpp, 5014, 443, 2001931035, 68.5, 219.1, 365, 878, 944, 2159.607, 86.83, 119.43, 13.6
29.05.2012, 14:24:34, 5040.44, 2964.962, 60.04, 208V, 1326.121, 1266.765, 22.898, 14.41, Mpp, 5026, 443, 2001931035, 68.5, 219.5, 365, 878, 944, 2159.609, 86.73, 119.53, 3.6
29.05.2012, 14:24:40, 5040.457, 2964.97, 60.04, 208V, 1326.123, 1266.767, 22.822, 14.317, Mpp, 5007, 443, 2001931035, 68.5, 219.4, 366, 878, 941, 2159.611, 86.83, 119.63, 7.4
29.05.2012, 14:24:46, 5040.471, 2964.98, 60.04, 208V, 1326.125, 1266.769, 22.802, 14.49, Mpp, 5000, 443, 2001931035, 68.5, 219.3, 361, 878, 940, 2159.614, 86.83, 119.63, 7.7
29.05.2012, 14:24:57, 5040.495, 2964.994, 60.04, 208V, 1326.128, 1266.771, 22.86, 14.348, Mpp, 5018, 443, 2001931035, 68.5, 219.5, 366, 878, 940, 2159.614, 86.83, 119.63, 7.7
29.05.2012, 14:25:05, 5040.513, 2965.005, 60.04, 208V, 1326.13, 1266.774, 22.766, 14.326, Mpp, 4997, 443, 2001931035, 68.5, 219.5, 365, 878, 938, 2159.617, 86.53, 119.83, 6.6
29.05.2012, 14:25:13, 5040.532, 2965.016, 60.04, 208V, 1326.132, 1266.776, 22.742, 14.387, Mpp, 4978, 443, 2001931035, 68.5, 218.9, 362, 867, 932, 2159.62, 86.53, 120.03, 8.1
29.05.2012, 14:25:20, 5040.551, 2965.027, 60.04, 208V, 1326.134, 1266.778, 22.702, 14.252, Mpp, 4985, 443, 2001931035, 68.5, 219.6, 366, 867, 932, 2159.62, 86.53, 120.03, 8.1
29.05.2012, 14:25:28, 5040.568, 2965.037, 60.04, 208V, 1326.136, 1266.78, 22.724, 14.261, Mpp, 4988, 443, 2001931035, 68.5, 219.5, 366, 867, 934, 2159.624, 86.43, 120.23, 2.6
29.05.2012, 14:25:28, 5040.568, 2965.037, 60.04, 208V, 1326.136, 1266.78, 22.724, 14.261, Mpp, 4988, 443, 2001931035, 68.5, 219.5, 366, 867, 934, 2159.624, 86.43, 120.23, 2.6
29.05.2012, 14:25:35, 5040.583, 2965.047, 60.03, 208V, 1326.138, 1266.782, 22.722, 14.305, Mpp, 4990, 443, 2001931035, 68.5, 219.6, 365, 878, 935, 2159.629, 86.73, 120.43, 12
29.05.2012, 14:25:50, 5040.622, 2965.067, 60.03, 208V, 1326.142, 1266.786, 22.698, 14.282, Mpp, 4982, 443, 2001931035, 68.5, 219.5, 365, 867, 933, 2159.63, 86.63, 120.53, 7.9
29.05.2012, 14:25:57, 5040.638, 2965.077, 60.02, 208V, 1326.144, 1266.788, 22.67, 14.232, Mpp, 4978, 443, 2001931035, 68.5, 219.6, 366, 867, 932, 2159.632, 86.63, 120.83, 5.4
29.05.2012, 14:26:07, 5040.661, 2965.092, 60.03, 208V, 1326.147, 1266.791, 22.644, 14.105, Mpp, 4973, 443, 2001931035, 68.5, 219.6, 369, 867, 932, 2159.635, 86.63, 121.03, 6.7
29.05.2012, 14:26:07, 5040.661, 2965.092, 60.03, 208V, 1326.147, 1266.791, 22.644, 14.105, Mpp, 4973, 443, 2001931035, 68.5, 219.6, 369, 867, 932, 2159.635, 86.63, 121.03, 6.7
29.05.2012, 14:26:23, 5040.697, 2965.113, 60.02, 208V, 1326.151, 1266.795, 22.748, 14.43, Mpp, 4993, 443, 2001931035, 68.5, 219.5, 362, 878, 935, 2159.637, 86.73, 121.13, 3.7
29.05.2012, 14:26:29, 878, 937, 2159.639, 86.73, 121.23, 3.4
29.05.2012, 14:26:29, 5040.711, 2965.121, 60.02, 208V, 1326.153, 1266.797, 22.776, 14.492, Mpp, 5001, 443, 2001931035, 68.5, 219.6, 361, 878, 939, 2159.641, 86.83, 121.43, 6
29.05.2012, 14:26:36, 5040.729, 2965.133, 60.02, 208V, 1326.155, 1266.799, 22.768, 14.378, Mpp, 5002, 443, 2001931035, 68.5, 219.7, 364, 878, 940, 2159.643, 86.83, 121.63, 6.5
29.05.2012, 14:26:45, 5040.751, 2965.144, 60.01, 208V, 1326.158, 1266.801, 22.848, 14.345, Mpp, 5017, 443, 2001931035, 68.5, 219.6, 366, 878, 941, 2159.646, 86.83, 121.83, 8
29.05.2012, 14:26:56, 5040.775, 2965.159, 60, 208V, 1326.161, 1266.805, 22.766, 14.633, Mpp, 4995, 443, 2001931035, 68.5, 219.4, 357, 878, 940, 2159.648, 86.93, 121.93, 3.8
29.05.2012, 14:27:02, 5040.791, 2965.167, 60, 208V, 1326.162, 1266.806, 22.792, 14.343, Mpp, 5003, 443, 2001931035, 68.5, 219.5, 365, 878, 940, 2159.65, 87.03, 122.13, 4.6
29.05.2012, 14:27:08, 5040.806, 2965.177, 59.99, 208V, 1326.164, 1266.808, 22.792, 14.49, Mpp, 5000, 443, 2001931035, 68.5, 219.4, 361, 878, 941, 2159.652, 87.13, 122.23, 5.2
29.05.2012, 14:27:15, 5040.819, 2965.185, 59.99, 208V, 1326.166, 1266.81, 22.81, 14.477, Mpp, 5009, 443, 2001931035, 68.5, 219.6, 362, 878, 940, 2159.654, 87.13, 122.23, 3.6
29.05.2012, 14:27:27, 5040.85, 2965.203, 59.98, 208V, 1326.17, 1266.813, 22.744, 14.624, Mpp, 4992, 443, 2001931035, 68.5, 219.5, 357, 878, 938, 2159.657, 87.13, 122.33, 3.2
29.05.2012, 14:27:27, 5040.85, 2965.203, 59.98, 208V, 1326.17, 1266.813, 22.744, 14.624, Mpp, 4992, 443, 2001931035, 68.5, 219.5, 357, 878, 938, 2159.657, 87.13, 122.33, 3.2
29.05.2012, 14:27:36, 5040.872, 2965.216, 59.98, 208V, 1326.172, 1266.816, 22.772, 14.347, Mpp, 4991, 443, 2001931035, 68.5, 219.2, 364, 878, 936, 2159.66, 87.23, 122.33, 6.1
29.05.2012, 14:27:44, 5040.887, 2965.226, 59.97, 208V, 1326.174, 1266.818, 22.752, 14.61, Mpp, 4987, 443, 2001931035, 68.5, 219.2, 357, 878, 937, 2159.663, 87.33, 122.13, 4
29.05.2012, 14:27:56, 5040.916, 2965.242, 59.97, 208V, 1326.177, 1266.821, 22.686, 14.102, Mpp, 4972, 443, 2001931035, 68.5, 219.2, 369, 878, 936, 2159.665, 87.33, 122.03, 5.3
29.05.2012, 14:28:03, 5040.935, 2965.253, 59.97, 208V, 1326.18, 1266.823, 22.752, 14.297, Mpp, 4987, 443, 2001931035, 68.5, 219.2, 365, 878, 936, 2159.665, 87.33, 122.03, 5.3
29.05.2012, 14:28:10, 5040.952, 2965.263, 59.98, 208V, 1326.181, 1266.825, 22.754, 14.455, Mpp, 4988, 443, 2001931035, 68.5, 219.2, 361, 878, 937, 2159.667, 87.43, 122.03, 5.3
29.05.2012, 14:28:17, 5040.967, 2965.273, 59.97, 208V, 1326.183, 1266.827, 22.73, 14.239, Mpp, 4980, 443, 2001931035, 68.5, 219.1, 366, 878, 937, 2159.669, 87.53, 122.03, 4.3
29.05.2012, 14:28:25, 5040.984, 2965.282, 59.98, 208V, 1326.185, 1266.829, 22.698, 14.36, Mpp, 4969, 443, 2001931035, 68.5, 218.9, 362, 878, 935, 2159.673, 87.53, 122.13, 8.6
29.05.2012, 14:28:25, 5040.984, 2965.282, 59.98, 208V, 1326.185, 1266.829, 22.698, 14.36, Mpp, 4969, 443, 2001931035, 68.5, 218.9, 362, 878, 935, 2159.673, 87.53, 122.13, 8.6
29.05.2012, 14:28:34, 5041.006, 2965.295, 59.98, 208V, 1326.188, 1266.832, 22.73, 14.411, Mpp, 4973, 443, 2001931035, 68.5, 218.8, 361, 878, 934, 2159.677, 87.53, 122.23, 10
29.05.2012, 14:28:46, 5041.034, 2965.311, 59.97, 208V, 1326.191, 1266.835, 22.704, 14.396, Mpp, 4968, 443, 2001931035, 68.5, 218.8, 361, 878, 934, 2159.677, 87.53, 122.23, 10
29.05.2012, 14:28:51, 5041.047, 2965.318, 59.97, 208V, 1326.193, 1266.836, 22.712, 14.369, Mpp, 4972, 443, 2001931035, 68.5, 218.9, 362, 878, 932, 2159.681, 87.43, 122.13, 8
29.05.2012, 14:29:02, 5041.071, 2965.333, 59.98, 208V, 1326.196, 1266.84, 22.686, 14.198, Mpp, 4966, 443, 2001931035, 68.5, 218.9, 366, 878, 932, 2159.683, 87.43, 121.93, 8.9
29.05.2012, 14:29:08, 5041.088, 2965.343, 59.98, 208V, 1326.198, 1266.841, 22.674, 14.184, Mpp, 4961, 443, 2001931035, 68.5, 218.8, 366, 878, 932, 2159.685, 87.43, 121.93, 2.5
29.05.2012, 14:29:14, 5041.102, 2965.35, 59.99, 208V, 1326.199, 1266.843, 22.618, 14.34, Mpp, 4949, 443, 2001931035, 68.5, 218.8, 361, 878, 930, 2159.687, 87.43, 121.93, 6.2
29.05.2012, 14:29:14, 5041.102, 2965.35, 59.99, 208V, 1326.199, 1266.843, 22.618, 14.34, Mpp, 4949, 443, 2001931035, 68.5, 218.8, 361, 878, 930, 2159.687, 87.43, 121.93, 7.5
29.05.2012, 14:29:25, 5041.125, 2965.365, 60, 208V, 1326.202, 1266.846, 22.518, 14.181, Mpp, 4934, 443, 2001931035, 68.5, 219.1, 364, 878, 929, 2159.69, 87.33, 122.03, 9.5
29.05.2012, 14:29:32, 5041.144, 2965.375, 60, 208V, 1326.204, 1266.848, 22.492, 14.434, Mpp, 4928, 443, 2001931035, 68.5, 219.1, 357, 878, 926, 2159.691, 87.03, 122.13, 4.6
29.05.2012, 14:29:40, 5041.159, 2965.386, 60, 208V, 1326.206, 1266.85, 22.434, 14.234, Mpp, 4913, 443, 2001931035, 68.5, 219, 361, 867, 922, 2159.694, 87.03, 122.33, 1.1
29.05.2012, 14:29:53, 5041.19, 2965.403, 60, 208V, 1326.21, 1266.854, 22.226, 14.113, Mpp, 4872, 443, 2001931035, 68.5, 219.2, 361, 867, 922, 2159.694, 87.03, 122.33, 1.1
29.05.2012, 14:29:59, 5041.205, 2965.413, 60, 208V, 1326.212, 1266.856, 21.568, 13.819, Mpp, 4721, 443, 2001931035, 68.5, 218.9, 357, 867, 915, 2159.697, 87.23, 122.43, 6
29.05.2012, 14:30:06, 5041.221, 2965.42, 60.01, 208V, 1326.213, 1266.857, 21.79, 13.912, Mpp, 4765, 443, 2001931035, 68.5, 218.7, 358, 835, 883, 2159.7, 87.23, 122.33, 6.4
29.05.2012, 14:30:13, 5041.236, 2965.431, 60.01, 208V, 1326.216, 1266.86, 21.286, 13.338, Mpp, 4657, 443, 2001931035, 68.5, 218.8, 365, 824, 870, 2159.702, 87.33, 122.33, 5.8
29.05.2012, 14:30:20, 5041.248, 2965.438, 60.01, 208V, 1326.217, 1266.861, 15.354, 9.527, Mpp, 3344, 443, 2001931035, 67.9, 217.8, 366, 748, 797, 2159.704, 87.33, 122.33, 5.7
29.05.2012, 14:30:25, 5041.263, 2965.445, 60.01, 208V, 1326.219, 1266.863, 21.948, 13.908, Mpp, 4802, 443, 2001931035, 67.9, 218.8, 361, n.a
29.05.2012, 14:30:32, 5041.275, 2965.453, 60.01, 208V, 1326.221, 1266.865, 22.076, 14.164, Mpp, 4837, 443, 2001931035, 67.9, 219.1, 357, 791, 903, 2159.706, 87.23, 122.33, 9.9
29.05.2012, 14:30:32, 5041.275, 2965.453, 60.01, 208V, 1326.221, 1266.865, 22.076, 14.164, Mpp, 4837, 443, 2001931035, 67.9, 219.1, 357, n.a
29.05.2012, 14:30:32, 5041.275, 2965.453, 60.01, 208V, 1326.221, 1266.865, 22.076, 14.164, Mpp, 4837, 443, 2001931035, 67.9, 219.1, 357, 856, 909, 2159.711, 87.13, 121.83, 5.5
29.05.2012, 14:30:54, 5041.326, 2965.483, 60.01, 208V, 1326.227, 1266.871, 22.248, 13.925, Mpp, 4872, 443, 2001931035, 68.5, 219, 366, 867, 914, 2159.715, 87.23, 121.63, 7.2
29.05.2012, 14:31:06, 5041.355, 2965.499, 60.01, 208V, 1326.23, 1266.874, 22.294, 14.143, Mpp, 4882, 443, 2001931035, 68.5, 219, 361, 867, 916, 2159.717, 87.13, 121.53, 8.2
29.05.2012, 14:31:06, 5041.355, 2965.499, 60.01, 208V, 1326.23, 1266.874, 22.294, 14.143, Mpp, 4882, 443, 2001931035, 68.5, 219, 361, 867, 916, 2159.717, 87.13, 121.53, 8.2
29.05.2012, 14:31:24, 5041.394, 2965.523, 60.02, 208V, 1326.235, 1266.879, 22.194, 13.916, Mpp, 4856, 443, 2001931035, 68.5, 218.8, 365, 856, 912, 2159.72, 87.13, 121.43, 7.2
29.05.2012, 14:31:30, 5041.408, 2965.531, 60.02, 208V, 1326.237, 1266.881, 22.19, 14.032, Mpp, 4857, 443, 2001931035, 68.5, 218.9, 362, 856, 910, 2159.722, 87.13, 121.33, 6.6
29.05.2012, 14:31:37, 5041.426, 2965.542, 60.02, 208V, 1326.239, 1266.883, 22.18, 13.907, Mpp, 4853, 443, 2001931035, 68.5, 218.8, 365, 856, 910, 2159.726, 87.13, 121.23, 10
29.05.2012, 14:31:44, 5041.44, 2965.55, 60.02, 208V, 1326.241, 1266.885, 22.14, 14.191, Mpp, 4846, 443, 2001931035, 68.5, 218.9, 357, 856, 909, 2159.727, 87.13, 121.23, 6.1
29.05.2012, 14:31:50, 5041.455, 2965.558, 60.02, 208V, 1326.242, 1266.886, 22.184, 13.916, Mpp, 4856, 443, 2001931035, 68.5, 218.9, 365, 856, 910, 2159.729, 87.23, 121.23, 7
29.05.2012, 14:31:56, 5041.467, 2965.567, 60.02, 208V, 1326.244, 1266.888, 22.142, 13.748, Mpp, 4849, 443, 2001931035, 68.5, 219, 369, 856, 911, 2159.731, 87.43, 121.33, 5.1
29.05.2012, 14:32:02, 5041.484, 2965.575, 60.03, 208V, 1326.246, 1266.89, 22.236, 14.099, Mpp, 4867, 443, 2001931035, 68.5, 218.9, 361, 856, 912, 2159.733, 87.63, 121.33, 5.9
29.05.2012, 14:32:09, 5041.501, 2965.584, 60.03, 208V, 1326.248, 1266.891, 22.156, 14.049, Mpp, 4850, 443, 2001931035, 68.5, 218.9, 361, 856, 911, 2159.735, 87.53, 121.43, 4
29.05.2012, 14:32:20, 5041.525, 2965.6, 60.02, 208V, 1326.251, 1266.895, 22.178, 13.882, Mpp, 4857, 443, 2001931035, 68.5, 219, 366, 856, 911, 2159.736, 87.53, 121.43, 6.6
29.05.2012, 14:32:20, 5041.525, 2965.6, 60.02, 208V, 1326.251, 1266.895, 22.178, 13.882, Mpp, 4857, 443, 2001931035, 68.5, 219, 366, 856, 909, 2159.739, 87.53, 121.53, 4.7
29.05.2012, 14:32:30, 5041.547, 2965.614, 60.03, 208V, 1326.254, 1266.898, 22.184, 14.167, Mpp, 4851, 443, 2001931035, 68.5, 218.7, 358, 856, 909, 2159.741, 87.43, 121.33, 3.3
29.05.2012, 14:32:40, 5041.571, 2965.626, 60.03, 208V, 1326.256, 1266.9, 22.182, 14.058, Mpp, 4853, 443, 2001931035, 68.5, 218.8, 361, 856, 910, 2159.743, 87.43, 121.13, 3.8
29.05.2012, 14:32:47, 5041.586, 2965.635, 60.03, 208V, 1326.258, 1266.902, 22.19, 14.058, Mpp, 4853, 443, 2001931035, 68.5, 218.7, 361, 856, 910, 2159.743, 87.43, 121.13, 3.8
29.05.2012, 14:32:47, 5041.586, 2965.635, 60.03, 208V, 1326.258, 1266.902, 22.19, 14.058, Mpp, 4853, 443, 2001931035, 68.5, 218.7, 361, n.a
29.05.2012, 14:32:57, 5041.61, 2965.65, 60.04, 208V, 1326.261, 1266.905, 22.2, 14.026, Mpp, 4855, 443, 2001931035, 68.5, 218.7, 362, 856, 911, 2159.749, 87.73, 121.03, 10.8
29.05.2012, 14:33:06, 5041.629, 2965.661, 60.03, 208V, 1326.263, 1266.907, 22.17, 14.043, Mpp, 4848, 443, 2001931035, 68.5, 218.7, 361, 856, 910, 2159.75, 87.63, 120.93, 8.2
29.05.2012, 14:33:13, 5041.646, 2965.67, 60.03, 208V, 1326.265, 1266.909, 22.138, 13.91, Mpp, 4841, 443, 2001931035, 68.5, 218.7, 364, 856, 909, 2159.753, 87.23, 120.93, 7.7
29.05.2012, 14:33:23, 5041.666, 2965.684, 60.02, 208V, 1326.268, 1266.912, 22.148, 14.029, Mpp, 4843, 443, 2001931035, 68.5, 218.7, 361, 856, 909, 2159.753, 87.23, 120.93, 11.9
29.05.2012, 14:33:29, 5041.683, 2965.693, 60.02, 208V, 1326.27, 1266.914, 22.164, 14.046, Mpp, 4849, 443, 2001931035, 68.5, 218.8, 361, 856, 908, 2159.755, 87.23, 120.93, 8.5
29.05.2012, 14:33:29, 5041.683, 2965.693, 60.02, 208V, 1326.27, 1266.914, 22.164, 14.046, Mpp, 4849, 443, 2001931035, 68.5, 218.8, 361, n.a
29.05.2012, 14:33:37, 5041.698, 2965.703, 60.02, 208V, 1326.272, 1266.916, 22.116, 13.904, Mpp, 4839, 443, 2001931035, 68.5, 218.8, 364, 856, 908, 2159.76, 87.33, 120.73, 9
29.05.2012, 14:33:47, 5041.724, 2965.717, 60.02, 208V, 1326.275, 1266.919, 22.104, 14.014, Mpp, 4838, 443, 2001931035, 68.5, 218.9, 361, 856, 908, 2159.762, 87.43, 120.73, 13.3
29.05.2012, 14:33:54, 5041.737, 2965.725, 60.03, 208V, 1326.277, 1266.921, 22.108, 14.011, Mpp, 4837, 443, 2001931035, 68.5, 218.8, 361, 856, 907, 2159.763, 87.33, 120.73, 9.7
29.05.2012, 14:33:59, 5041.751, 2965.734, 60.03, 208V, 1326.278, 1266.922, 22.114, 13.985, Mpp, 4841, 443, 2001931035, 68.5, 218.9, 362, 856, 908, 2159.766, 86.93, 120.53, 14.5
29.05.2012, 14:34:10, 5041.777, 2965.748, 60.02, 208V, 1326.281, 1266.925, 22.196, 13.922, Mpp, 4858, 443, 2001931035, 68.5, 218.9, 365, 856, 910, 2159.768, 86.73, 120.43, 7.2
29.05.2012, 14:34:17, 5041.794, 2965.758, 60.02, 208V, 1326.283, 1266.927, 22.19, 13.928, Mpp, 4860, 443, 2001931035, 68.5, 219, 365, 856, 911, 2159.77, 86.53, 120.23, 8.1
29.05.2012, 14:34:25, 5041.811, 2965.767, 60.01, 208V, 1326.285, 1266.929, 22.246, 14.061, Mpp, 4867, 443, 2001931035, 68.5, 218.8, 362, 856, 911, 2159.77, 86.53, 120.23, 8.1
29.05.2012, 14:34:25, 5041.811, 2965.767, 60.01, 208V, 1326.285, 1266.929, 22.246, 14.061, Mpp, 4867, 443, 2001931035, 68.5, 218.8, 362, 856, 910, 2159.773, 86.63, 119.93, 11.2
29.05.2012, 14:34:35, 5041.834, 2965.782, 60, 208V, 1326.288, 1266.932, 22.2, 13.925, Mpp, 4859, 443, 2001931035, 68.5, 218.9, 365, 856, 910, 2159.775, 86.73, 119.93, 3.9
29.05.2012, 14:34:42, 5041.85, 2965.79, 60, 208V, 1326.29, 1266.934, 22.214, 13.922, Mpp, 4858, 443, 2001931035, 68.5, 218.7, 365, 856, 911, 2159.777, 86.73, 119.83, 4.9
29.05.2012, 14:34:48, 5041.862, 2965.798, 60, 208V, 1326.292, 1266.936, 22.194, 13.911, Mpp, 4854, 443, 2001931035, 68.5, 218.7, 365, 856, 910, 2159.778, 86.83, 119.83, 15.4
29.05.2012, 14:34:53, 5041.875, 2965.806, 60, 208V, 1326.293, 1266.937, 22.184, 13.91, Mpp, 4854, 443, 2001931035, 68.5, 218.8, 365, 845, 908, 2159.781, 86.93, 119.83, 5.9
29.05.2012, 14:34:53, 5041.875, 2965.806, 60, 208V, 1326.293, 1266.937, 22.184, 13.91, Mpp, 4854, 443, 2001931035, 68.5, 218.8, 365, 845, 908, 2159.781, 86.93, 119.83, 5.9
29.05.2012, 14:35:07, 5041.907, 2965.825, 60, 208V, 1326.297, 1266.941, 22.186, 13.763, Mpp, 4854, 443, 2001931035, 68.5, 218.8, 369, 845, 909, 2159.785, 86.63, 119.53, 8.5
29.05.2012, 14:35:21, 5041.94, 2965.844, 60, 208V, 1326.301, 1266.945, 22.214, 13.928, Mpp, 4860, 443, 2001931035, 68.5, 218.8, 365, 845, 909, 2159.785, 86.63, 119.53, 8.5
29.05.2012, 14:35:25, 5041.952, 2965.85, 60, 208V, 1326.302, 1266.946, 22.184, 14.061, Mpp, 4854, 443, 2001931035, 68.5, 218.8, 361, 845, 908, 2159.789, 86.13, 118.93, 9.9
29.05.2012, 14:35:34, 5041.969, 2965.86, 60, 208V, 1326.305, 1266.948, 22.182, 13.916, Mpp, 4856, 443, 2001931035, 68.5, 218.9, 365, 845, 908, 2159.789, 86.13, 118.93, 9.9
29.05.2012, 14:35:34, 5041.969, 2965.86, 60, 208V, 1326.305, 1266.948, 22.182, 13.916, Mpp, 4856, 443, 2001931035, 68.5, 218.9, 365, 845, 907, 2159.792, 85.93, 118.63, 10.4
29.05.2012, 14:35:34, 5041.969, 2965.86, 60, 208V, 1326.305, 1266.948, 22.182, 13.916, Mpp, 4856, 443, 2001931035, 68.5, 218.9, 365, 845, 908, 2159.796, 85.93, 118.33, 10.3
29.05.2012, 14:35:57, 5042.021, 2965.893, 60, 208V, 1326.311, 1266.955, 22.276, 13.963, Mpp, 4872, 443, 2001931035, 68.5, 218.7, 365, 845, 909, 2159.797, 86.03, 118.23, 14.4
29.05.2012, 14:36:03, 5042.038, 2965.901, 60, 208V, 1326.313, 1266.957, 22.304, 13.986, Mpp, 4880, 443, 2001931035, 68.5, 218.8, 365, 845, 910, 2159.799, 86.03, 118.13, 6.8
29.05.2012, 14:36:09, 5042.052, 2965.909, 60, 208V, 1326.315, 1266.958, 22.286, 13.98, Mpp, 4878, 443, 2001931035, 68.5, 218.9, 365, 845, 910, 2159.799, 86.03, 118.13, 6.8
29.05.2012, 14:36:20, 5042.076, 2965.924, 60, 208V, 1326.318, 1266.961, 22.332, 13.972, Mpp, 4888, 443, 2001931035, 68.5, 218.9, 366, 845, 910, 2159.802, 86.03, 117.83, 12.6
29.05.2012, 14:36:20, 5042.076, 2965.924, 60, 208V, 1326.318, 1266.961, 22.332, 13.972, Mpp, 4888, 443, 2001931035, 68.5, 218.9, 366, 845, 911, 2159.804, 85.83, 117.63, 8.3
29.05.2012, 14:36:28, 5042.093, 2965.935, 60, 208V, 1326.32, 1266.964, 22.3, 13.989, Mpp, 4881, 443, 2001931035, 68.5, 218.9, 365, 845, 911, 2159.807, 86.03, 117.23, 4.5
29.05.2012, 14:36:38, 5042.118, 2965.948, 60, 208V, 1326.323, 1266.966, 22.296, 13.975, Mpp, 4876, 443, 2001931035, 68.5, 218.7, 365, n.a
29.05.2012, 14:36:38, 5042.118, 2965.948, 60, 208V, 1326.323, 1266.966, 22.296, 13.975, Mpp, 4870, 443, 2001931035, 68.5, 218.9, 361, 845, 912, 2159.81, 86.33, 117.13, 11
29.05.2012, 14:36:49, 5042.142, 2965.963, 60, 208V, 1326.326, 1266.97, 22.25, 14.108, Mpp, 4870, 443, 2001931035, 68.5, 218.9, 361, 845, 911, 2159.812, 86.53, 117.03, 4.2
29.05.2012, 14:36:58, 5042.161, 2965.974, 60, 208V, 1326.328, 1266.972, 22.236, 13.937, Mpp, 4863, 443, 2001931035, 68.5, 218.7, 365, 845, 908, 2159.815, 86.73, 117.03, 9.1
29.05.2012, 14:37:09, 5042.186, 2965.989, 60, 208V, 1326.331, 1266.975, 22.17, 13.782, Mpp, 4848, 443, 2001931035, 68.5, 218.7, 368, 845, 907, 2159.817, 86.73, 117.13, 5.2
29.05.2012, 14:37:14, 5042.202, 2965.997, 60, 208V, 1326.333, 1266.976, 22.17, 13.893, Mpp, 4848, 443, 2001931035, 68.5, 218.7, 365, n.a
2012, 05, 29, 17, 03, 30, 2012, 05, 29, 17, 02, 45, 5057.177, 2974.81, 60.01, 208V, 1328.758, 1269.402, 4.664, 3.078, Mpp, 991, 443, 2001931035, 62.8, 212.5, 342, 249, 248, 2162.225, 86.23, 107.83, 4.4
