datetime,tempc,humidity,power,HH,H0,H1,H2,H3,H4,H5,H6,H7,H8,H9,H10,H11,H12,H13,H14,H15,H16,H17,H18,H19,H20,H21,H22,H23,Night,Morning,Afternoon,Evening
2017-05-01 00:00:00+00:00,25.0,94.0,19.5,0,1,0,0,0,0,0,0,0,0,0,0,0,0,0,0,0,0,0,0,0,0,0,0,0,1,0,0,0
2017-05-01 01:00:00+00:00,24.0,94.0,18.16666667,1,0,1,0,0,0,0,0,0,0,0,0,0,0,0,0,0,0,0,0,0,0,0,0,0,1,0,0,0
2017-05-01 02:00:00+00:00,25.0,65.0,14.66666667,2,0,0,1,0,0,0,0,0,0,0,0,0,0,0,0,0,0,0,0,0,0,0,0,0,1,0,0,0
2017-05-01 03:00:00+00:00,25.0,65.0,14.0,3,0,0,0,1,0,0,0,0,0,0,0,0,0,0,0,0,0,0,0,0,0,0,0,0,1,0,0,0
2017-05-01 04:00:00+00:00,23.0,100.0,13.33333333,4,0,0,0,0,1,0,0,0,0,0,0,0,0,0,0,0,0,0,0,0,0,0,0,0,1,0,0,0
2017-05-01 05:00:00+00:00,25.0,65.0,13.16666667,5,0,0,0,0,0,1,0,0,0,0,0,0,0,0,0,0,0,0,0,0,0,0,0,0,1,0,0,0
2017-05-01 06:00:00+00:00,25.0,65.0,13.33333333,6,0,0,0,0,0,0,1,0,0,0,0,0,0,0,0,0,0,0,0,0,0,0,0,0,0,1,0,0
2017-05-01 07:00:00+00:00,23.0,100.0,16.0,7,0,0,0,0,0,0,0,1,0,0,0,0,0,0,0,0,0,0,0,0,0,0,0,0,0,1,0,0
2017-05-01 08:00:00+00:00,25.0,89.0,11.66666667,8,0,0,0,0,0,0,0,0,1,0,0,0,0,0,0,0,0,0,0,0,0,0,0,0,0,1,0,0
2017-05-01 09:00:00+00:00,28.0,74.0,15.66666667,9,0,0,0,0,0,0,0,0,0,1,0,0,0,0,0,0,0,0,0,0,0,0,0,0,0,1,0,0
2017-05-01 10:00:00+00:00,30.0,66.0,16.0,10,0,0,0,0,0,0,0,0,0,0,1,0,0,0,0,0,0,0,0,0,0,0,0,0,0,1,0,0
2017-05-01 11:00:00+00:00,31.0,70.0,14.66666667,11,0,0,0,0,0,0,0,0,0,0,0,1,0,0,0,0,0,0,0,0,0,0,0,0,0,1,0,0
2017-05-01 12:00:00+00:00,32.0,62.0,16.83333333,12,0,0,0,0,0,0,0,0,0,0,0,0,1,0,0,0,0,0,0,0,0,0,0,0,0,0,1,0
2017-05-01 13:00:00+00:00,33.0,63.0,15.33333333,13,0,0,0,0,0,0,0,0,0,0,0,0,0,1,0,0,0,0,0,0,0,0,0,0,0,0,1,0
2017-05-01 14:00:00+00:00,34.0,56.0,19.66666667,14,0,0,0,0,0,0,0,0,0,0,0,0,0,0,1,0,0,0,0,0,0,0,0,0,0,0,1,0
2017-05-01 15:00:00+00:00,34.0,56.0,22.16666667,15,0,0,0,0,0,0,0,0,0,0,0,0,0,0,0,1,0,0,0,0,0,0,0,0,0,0,1,0
2017-05-01 16:00:00+00:00,34.0,56.0,20.33333333,16,0,0,0,0,0,0,0,0,0,0,0,0,0,0,0,0,1,0,0,0,0,0,0,0,0,0,1,0
2017-05-01 17:00:00+00:00,34.0,56.0,18.83333333,17,0,0,0,0,0,0,0,0,0,0,0,0,0,0,0,0,0,1,0,0,0,0,0,0,0,0,1,0
2017-05-01 18:00:00+00:00,33.0,59.0,21.33333333,18,0,0,0,0,0,0,0,0,0,0,0,0,0,0,0,0,0,0,1,0,0,0,0,0,0,0,0,1
2017-05-01 19:00:00+00:00,30.0,58.0,29.33333333,19,0,0,0,0,0,0,0,0,0,0,0,0,0,0,0,0,0,0,0,1,0,0,0,0,0,0,0,1
2017-05-01 20:00:00+00:00,28.0,62.0,31.66666667,20,0,0,0,0,0,0,0,0,0,0,0,0,0,0,0,0,0,0,0,0,1,0,0,0,0,0,0,1
2017-05-01 21:00:00+00:00,27.0,65.0,29.16666667,21,0,0,0,0,0,0,0,0,0,0,0,0,0,0,0,0,0,0,0,0,0,1,0,0,0,0,0,1
2017-05-01 22:00:00+00:00,25.0,78.0,27.33333333,22,0,0,0,0,0,0,0,0,0,0,0,0,0,0,0,0,0,0,0,0,0,0,1,0,0,0,0,1
2017-05-01 23:00:00+00:00,25.0,65.0,21.16666667,23,0,0,0,0,0,0,0,0,0,0,0,0,0,0,0,0,0,0,0,0,0,0,0,1,0,0,0,1
2017-05-02 00:00:00+00:00,25.0,65.0,18.5,0,1,0,0,0,0,0,0,0,0,0,0,0,0,0,0,0,0,0,0,0,0,0,0,0,1,0,0,0
2017-05-02 01:00:00+00:00,25.0,78.0,16.16666667,1,0,1,0,0,0,0,0,0,0,0,0,0,0,0,0,0,0,0,0,0,0,0,0,0,1,0,0,0
2017-05-02 02:00:00+00:00,25.0,65.0,14.5,2,0,0,1,0,0,0,0,0,0,0,0,0,0,0,0,0,0,0,0,0,0,0,0,0,1,0,0,0
2017-05-02 03:00:00+00:00,25.0,65.0,14.16666667,3,0,0,0,1,0,0,0,0,0,0,0,0,0,0,0,0,0,0,0,0,0,0,0,0,1,0,0,0
2017-05-02 04:00:00+00:00,23.0,94.0,13.33333333,4,0,0,0,0,1,0,0,0,0,0,0,0,0,0,0,0,0,0,0,0,0,0,0,0,1,0,0,0
2017-05-02 05:00:00+00:00,25.0,65.0,12.66666667,5,0,0,0,0,0,1,0,0,0,0,0,0,0,0,0,0,0,0,0,0,0,0,0,0,1,0,0,0
2017-05-02 06:00:00+00:00,25.0,65.0,12.0,6,0,0,0,0,0,0,1,0,0,0,0,0,0,0,0,0,0,0,0,0,0,0,0,0,0,1,0,0
2017-05-02 07:00:00+00:00,25.0,65.0,14.16666667,7,0,0,0,0,0,0,0,1,0,0,0,0,0,0,0,0,0,0,0,0,0,0,0,0,0,1,0,0
2017-05-02 08:00:00+00:00,25.0,89.0,16.5,8,0,0,0,0,0,0,0,0,1,0,0,0,0,0,0,0,0,0,0,0,0,0,0,0,0,1,0,0
2017-05-02 09:00:00+00:00,28.0,79.0,19.0,9,0,0,0,0,0,0,0,0,0,1,0,0,0,0,0,0,0,0,0,0,0,0,0,0,0,1,0,0
2017-05-02 10:00:00+00:00,29.0,74.0,16.5,10,0,0,0,0,0,0,0,0,0,0,1,0,0,0,0,0,0,0,0,0,0,0,0,0,0,1,0,0
2017-05-02 11:00:00+00:00,31.0,58.0,21.66666667,11,0,0,0,0,0,0,0,0,0,0,0,1,0,0,0,0,0,0,0,0,0,0,0,0,0,1,0,0
2017-05-02 12:00:00+00:00,25.0,65.0,23.5,12,0,0,0,0,0,0,0,0,0,0,0,0,1,0,0,0,0,0,0,0,0,0,0,0,0,0,1,0
2017-05-02 13:00:00+00:00,33.0,52.0,23.33333333,13,0,0,0,0,0,0,0,0,0,0,0,0,0,1,0,0,0,0,0,0,0,0,0,0,0,0,1,0
2017-05-02 14:00:00+00:00,25.0,65.0,23.83333333,14,0,0,0,0,0,0,0,0,0,0,0,0,0,0,1,0,0,0,0,0,0,0,0,0,0,0,1,0
2017-05-02 15:00:00+00:00,33.0,59.0,23.83333333,15,0,0,0,0,0,0,0,0,0,0,0,0,0,0,0,1,0,0,0,0,0,0,0,0,0,0,1,0
2017-05-02 16:00:00+00:00,33.0,59.0,23.66666667,16,0,0,0,0,0,0,0,0,0,0,0,0,0,0,0,0,1,0,0,0,0,0,0,0,0,0,1,0
2017-05-02 17:00:00+00:00,34.0,56.0,22.66666667,17,0,0,0,0,0,0,0,0,0,0,0,0,0,0,0,0,0,1,0,0,0,0,0,0,0,0,1,0
2017-05-02 18:00:00+00:00,32.0,59.0,28.33333333,18,0,0,0,0,0,0,0,0,0,0,0,0,0,0,0,0,0,0,1,0,0,0,0,0,0,0,0,1
2017-05-02 19:00:00+00:00,29.0,62.0,33.16666667,19,0,0,0,0,0,0,0,0,0,0,0,0,0,0,0,0,0,0,0,1,0,0,0,0,0,0,0,1
2017-05-02 20:00:00+00:00,25.0,65.0,33.5,20,0,0,0,0,0,0,0,0,0,0,0,0,0,0,0,0,0,0,0,0,1,0,0,0,0,0,0,1
2017-05-02 21:00:00+00:00,27.0,74.0,28.0,21,0,0,0,0,0,0,0,0,0,0,0,0,0,0,0,0,0,0,0,0,0,1,0,0,0,0,0,1
2017-05-02 22:00:00+00:00,27.0,70.0,24.66666667,22,0,0,0,0,0,0,0,0,0,0,0,0,0,0,0,0,0,0,0,0,0,0,1,0,0,0,0,1
2017-05-02 23:00:00+00:00,25.0,65.0,21.83333333,23,0,0,0,0,0,0,0,0,0,0,0,0,0,0,0,0,0,0,0,0,0,0,0,1,0,0,0,1
2017-05-03 00:00:00+00:00,25.0,65.0,19.0,0,1,0,0,0,0,0,0,0,0,0,0,0,0,0,0,0,0,0,0,0,0,0,0,0,1,0,0,0
2017-05-03 01:00:00+00:00,25.0,83.0,16.0,1,0,1,0,0,0,0,0,0,0,0,0,0,0,0,0,0,0,0,0,0,0,0,0,0,1,0,0,0
2017-05-03 02:00:00+00:00,23.0,94.0,15.33333333,2,0,0,1,0,0,0,0,0,0,0,0,0,0,0,0,0,0,0,0,0,0,0,0,0,1,0,0,0
2017-05-03 03:00:00+00:00,24.0,89.0,14.5,3,0,0,0,1,0,0,0,0,0,0,0,0,0,0,0,0,0,0,0,0,0,0,0,0,1,0,0,0
2017-05-03 04:00:00+00:00,23.0,94.0,13.5,4,0,0,0,0,1,0,0,0,0,0,0,0,0,0,0,0,0,0,0,0,0,0,0,0,1,0,0,0
2017-05-03 05:00:00+00:00,23.0,94.0,13.83333333,5,0,0,0,0,0,1,0,0,0,0,0,0,0,0,0,0,0,0,0,0,0,0,0,0,1,0,0,0
2017-05-03 06:00:00+00:00,23.0,94.0,12.0,6,0,0,0,0,0,0,1,0,0,0,0,0,0,0,0,0,0,0,0,0,0,0,0,0,0,1,0,0
2017-05-03 07:00:00+00:00,24.0,94.0,14.16666667,7,0,0,0,0,0,0,0,1,0,0,0,0,0,0,0,0,0,0,0,0,0,0,0,0,0,1,0,0
2017-05-03 08:00:00+00:00,26.0,83.0,18.16666667,8,0,0,0,0,0,0,0,0,1,0,0,0,0,0,0,0,0,0,0,0,0,0,0,0,0,1,0,0
2017-05-03 09:00:00+00:00,29.0,70.0,22.83333333,9,0,0,0,0,0,0,0,0,0,1,0,0,0,0,0,0,0,0,0,0,0,0,0,0,0,1,0,0
2017-05-03 10:00:00+00:00,30.0,70.0,21.5,10,0,0,0,0,0,0,0,0,0,0,1,0,0,0,0,0,0,0,0,0,0,0,0,0,0,1,0,0
2017-05-03 11:00:00+00:00,32.0,66.0,24.33333333,11,0,0,0,0,0,0,0,0,0,0,0,1,0,0,0,0,0,0,0,0,0,0,0,0,0,1,0,0
2017-05-03 12:00:00+00:00,33.0,59.0,22.0,12,0,0,0,0,0,0,0,0,0,0,0,0,1,0,0,0,0,0,0,0,0,0,0,0,0,0,1,0
2017-05-03 13:00:00+00:00,34.0,46.0,22.33333333,13,0,0,0,0,0,0,0,0,0,0,0,0,0,1,0,0,0,0,0,0,0,0,0,0,0,0,1,0
2017-05-03 14:00:00+00:00,35.0,49.0,24.5,14,0,0,0,0,0,0,0,0,0,0,0,0,0,0,1,0,0,0,0,0,0,0,0,0,0,0,1,0
2017-05-03 15:00:00+00:00,35.0,39.0,21.5,15,0,0,0,0,0,0,0,0,0,0,0,0,0,0,0,1,0,0,0,0,0,0,0,0,0,0,1,0
2017-05-03 16:00:00+00:00,25.0,65.0,24.33333333,16,0,0,0,0,0,0,0,0,0,0,0,0,0,0,0,0,1,0,0,0,0,0,0,0,0,0,1,0
2017-05-03 17:00:00+00:00,25.0,65.0,24.83333333,17,0,0,0,0,0,0,0,0,0,0,0,0,0,0,0,0,0,1,0,0,0,0,0,0,0,0,1,0
2017-05-03 18:00:00+00:00,34.0,49.0,27.5,18,0,0,0,0,0,0,0,0,0,0,0,0,0,0,0,0,0,0,1,0,0,0,0,0,0,0,0,1
2017-05-03 19:00:00+00:00,25.0,65.0,31.16666667,19,0,0,0,0,0,0,0,0,0,0,0,0,0,0,0,0,0,0,0,1,0,0,0,0,0,0,0,1
2017-05-03 20:00:00+00:00,31.0,58.0,30.83333333,20,0,0,0,0,0,0,0,0,0,0,0,0,0,0,0,0,0,0,0,0,1,0,0,0,0,0,0,1
2017-05-03 21:00:00+00:00,27.0,74.0,27.5,21,0,0,0,0,0,0,0,0,0,0,0,0,0,0,0,0,0,0,0,0,0,1,0,0,0,0,0,1
2017-05-03 22:00:00+00:00,26.0,69.0,28.16666667,22,0,0,0,0,0,0,0,0,0,0,0,0,0,0,0,0,0,0,0,0,0,0,1,0,0,0,0,1
2017-05-03 23:00:00+00:00,25.0,65.0,23.83333333,23,0,0,0,0,0,0,0,0,0,0,0,0,0,0,0,0,0,0,0,0,0,0,0,1,0,0,0,1
2017-05-04 00:00:00+00:00,25.0,65.0,19.33333333,0,1,0,0,0,0,0,0,0,0,0,0,0,0,0,0,0,0,0,0,0,0,0,0,0,1,0,0,0
2017-05-04 01:00:00+00:00,25.0,65.0,17.16666667,1,0,1,0,0,0,0,0,0,0,0,0,0,0,0,0,0,0,0,0,0,0,0,0,0,1,0,0,0
2017-05-04 02:00:00+00:00,23.0,88.0,15.33333333,2,0,0,1,0,0,0,0,0,0,0,0,0,0,0,0,0,0,0,0,0,0,0,0,0,1,0,0,0
2017-05-04 03:00:00+00:00,25.0,65.0,14.33333333,3,0,0,0,1,0,0,0,0,0,0,0,0,0,0,0,0,0,0,0,0,0,0,0,0,1,0,0,0
2017-05-04 04:00:00+00:00,23.0,94.0,13.33333333,4,0,0,0,0,1,0,0,0,0,0,0,0,0,0,0,0,0,0,0,0,0,0,0,0,1,0,0,0
2017-05-04 05:00:00+00:00,22.0,94.0,12.5,5,0,0,0,0,0,1,0,0,0,0,0,0,0,0,0,0,0,0,0,0,0,0,0,0,1,0,0,0
2017-05-04 06:00:00+00:00,23.0,94.0,13.5,6,0,0,0,0,0,0,1,0,0,0,0,0,0,0,0,0,0,0,0,0,0,0,0,0,0,1,0,0
2017-05-04 07:00:00+00:00,25.0,65.0,14.5,7,0,0,0,0,0,0,0,1,0,0,0,0,0,0,0,0,0,0,0,0,0,0,0,0,0,1,0,0
2017-05-04 08:00:00+00:00,25.0,65.0,17.33333333,8,0,0,0,0,0,0,0,0,1,0,0,0,0,0,0,0,0,0,0,0,0,0,0,0,0,1,0,0
2017-05-04 09:00:00+00:00,26.0,78.0,19.5,9,0,0,0,0,0,0,0,0,0,1,0,0,0,0,0,0,0,0,0,0,0,0,0,0,0,1,0,0
2017-05-04 10:00:00+00:00,29.0,66.0,20.83333333,10,0,0,0,0,0,0,0,0,0,0,1,0,0,0,0,0,0,0,0,0,0,0,0,0,0,1,0,0
2017-05-04 11:00:00+00:00,25.0,65.0,20.33333333,11,0,0,0,0,0,0,0,0,0,0,0,1,0,0,0,0,0,0,0,0,0,0,0,0,0,1,0,0
2017-05-04 12:00:00+00:00,33.0,46.0,21.16666667,12,0,0,0,0,0,0,0,0,0,0,0,0,1,0,0,0,0,0,0,0,0,0,0,0,0,0,1,0
2017-05-04 13:00:00+00:00,34.0,44.0,21.66666667,13,0,0,0,0,0,0,0,0,0,0,0,0,0,1,0,0,0,0,0,0,0,0,0,0,0,0,1,0
2017-05-04 14:00:00+00:00,35.0,36.0,21.83333333,14,0,0,0,0,0,0,0,0,0,0,0,0,0,0,1,0,0,0,0,0,0,0,0,0,0,0,1,0
2017-05-04 15:00:00+00:00,36.0,34.0,24.33333333,15,0,0,0,0,0,0,0,0,0,0,0,0,0,0,0,1,0,0,0,0,0,0,0,0,0,0,1,0
2017-05-04 16:00:00+00:00,36.0,39.0,22.66666667,16,0,0,0,0,0,0,0,0,0,0,0,0,0,0,0,0,1,0,0,0,0,0,0,0,0,0,1,0
2017-05-04 17:00:00+00:00,35.0,36.0,20.16666667,17,0,0,0,0,0,0,0,0,0,0,0,0,0,0,0,0,0,1,0,0,0,0,0,0,0,0,1,0
2017-05-04 18:00:00+00:00,34.0,44.0,24.66666667,18,0,0,0,0,0,0,0,0,0,0,0,0,0,0,0,0,0,0,1,0,0,0,0,0,0,0,0,1
2017-05-04 19:00:00+00:00,30.0,66.0,30.5,19,0,0,0,0,0,0,0,0,0,0,0,0,0,0,0,0,0,0,0,1,0,0,0,0,0,0,0,1
2017-05-04 20:00:00+00:00,28.0,66.0,29.66666667,20,0,0,0,0,0,0,0,0,0,0,0,0,0,0,0,0,0,0,0,0,1,0,0,0,0,0,0,1
2017-05-04 21:00:00+00:00,27.0,70.0,33.5,21,0,0,0,0,0,0,0,0,0,0,0,0,0,0,0,0,0,0,0,0,0,1,0,0,0,0,0,1
2017-05-04 22:00:00+00:00,26.0,74.0,31.0,22,0,0,0,0,0,0,0,0,0,0,0,0,0,0,0,0,0,0,0,0,0,0,1,0,0,0,0,1
2017-05-04 23:00:00+00:00,25.0,65.0,26.66666667,23,0,0,0,0,0,0,0,0,0,0,0,0,0,0,0,0,0,0,0,0,0,0,0,1,0,0,0,1
2017-05-05 00:00:00+00:00,25.0,65.0,20.33333333,0,1,0,0,0,0,0,0,0,0,0,0,0,0,0,0,0,0,0,0,0,0,0,0,0,1,0,0,0
2017-05-05 01:00:00+00:00,25.0,65.0,18.16666667,1,0,1,0,0,0,0,0,0,0,0,0,0,0,0,0,0,0,0,0,0,0,0,0,0,1,0,0,0
2017-05-05 02:00:00+00:00,25.0,65.0,17.0,2,0,0,1,0,0,0,0,0,0,0,0,0,0,0,0,0,0,0,0,0,0,0,0,0,1,0,0,0
2017-05-05 03:00:00+00:00,25.0,65.0,15.5,3,0,0,0,1,0,0,0,0,0,0,0,0,0,0,0,0,0,0,0,0,0,0,0,0,1,0,0,0
2017-05-05 04:00:00+00:00,25.0,89.0,14.66666667,4,0,0,0,0,1,0,0,0,0,0,0,0,0,0,0,0,0,0,0,0,0,0,0,0,1,0,0,0
2017-05-05 05:00:00+00:00,26.0,78.0,14.33333333,5,0,0,0,0,0,1,0,0,0,0,0,0,0,0,0,0,0,0,0,0,0,0,0,0,1,0,0,0
2017-05-05 06:00:00+00:00,26.0,78.0,14.83333333,6,0,0,0,0,0,0,1,0,0,0,0,0,0,0,0,0,0,0,0,0,0,0,0,0,0,1,0,0
2017-05-05 07:00:00+00:00,25.0,65.0,14.83333333,7,0,0,0,0,0,0,0,1,0,0,0,0,0,0,0,0,0,0,0,0,0,0,0,0,0,1,0,0
2017-05-05 08:00:00+00:00,27.0,74.0,17.83333333,8,0,0,0,0,0,0,0,0,1,0,0,0,0,0,0,0,0,0,0,0,0,0,0,0,0,1,0,0
2017-05-05 09:00:00+00:00,25.0,65.0,18.83333333,9,0,0,0,0,0,0,0,0,0,1,0,0,0,0,0,0,0,0,0,0,0,0,0,0,0,1,0,0
2017-05-05 10:00:00+00:00,29.0,70.0,21.0,10,0,0,0,0,0,0,0,0,0,0,1,0,0,0,0,0,0,0,0,0,0,0,0,0,0,1,0,0
2017-05-05 11:00:00+00:00,31.0,66.0,22.66666667,11,0,0,0,0,0,0,0,0,0,0,0,1,0,0,0,0,0,0,0,0,0,0,0,0,0,1,0,0
2017-05-05 12:00:00+00:00,32.0,62.0,22.16666667,12,0,0,0,0,0,0,0,0,0,0,0,0,1,0,0,0,0,0,0,0,0,0,0,0,0,0,1,0
2017-05-05 13:00:00+00:00,32.0,62.0,20.5,13,0,0,0,0,0,0,0,0,0,0,0,0,0,1,0,0,0,0,0,0,0,0,0,0,0,0,1,0
2017-05-05 14:00:00+00:00,34.0,56.0,18.0,14,0,0,0,0,0,0,0,0,0,0,0,0,0,0,1,0,0,0,0,0,0,0,0,0,0,0,1,0
2017-05-05 15:00:00+00:00,34.0,52.0,19.83333333,15,0,0,0,0,0,0,0,0,0,0,0,0,0,0,0,1,0,0,0,0,0,0,0,0,0,0,1,0
2017-05-05 16:00:00+00:00,33.0,55.0,22.33333333,16,0,0,0,0,0,0,0,0,0,0,0,0,0,0,0,0,1,0,0,0,0,0,0,0,0,0,1,0
2017-05-05 17:00:00+00:00,33.0,55.0,19.66666667,17,0,0,0,0,0,0,0,0,0,0,0,0,0,0,0,0,0,1,0,0,0,0,0,0,0,0,1,0
2017-05-05 18:00:00+00:00,32.0,59.0,22.66666667,18,0,0,0,0,0,0,0,0,0,0,0,0,0,0,0,0,0,0,1,0,0,0,0,0,0,0,0,1
2017-05-05 19:00:00+00:00,31.0,62.0,30.66666667,19,0,0,0,0,0,0,0,0,0,0,0,0,0,0,0,0,0,0,0,1,0,0,0,0,0,0,0,1
2017-05-05 20:00:00+00:00,30.0,70.0,31.5,20,0,0,0,0,0,0,0,0,0,0,0,0,0,0,0,0,0,0,0,0,1,0,0,0,0,0,0,1
2017-05-05 21:00:00+00:00,30.0,66.0,28.83333333,21,0,0,0,0,0,0,0,0,0,0,0,0,0,0,0,0,0,0,0,0,0,1,0,0,0,0,0,1
2017-05-05 22:00:00+00:00,30.0,70.0,29.66666667,22,0,0,0,0,0,0,0,0,0,0,0,0,0,0,0,0,0,0,0,0,0,0,1,0,0,0,0,1
2017-05-05 23:00:00+00:00,28.0,79.0,23.5,23,0,0,0,0,0,0,0,0,0,0,0,0,0,0,0,0,0,0,0,0,0,0,0,1,0,0,0,1
2017-05-06 00:00:00+00:00,28.0,79.0,21.33333333,0,1,0,0,0,0,0,0,0,0,0,0,0,0,0,0,0,0,0,0,0,0,0,0,0,1,0,0,0
2017-05-06 01:00:00+00:00,27.0,70.0,18.83333333,1,0,1,0,0,0,0,0,0,0,0,0,0,0,0,0,0,0,0,0,0,0,0,0,0,1,0,0,0
2017-05-06 02:00:00+00:00,26.0,74.0,17.83333333,2,0,0,1,0,0,0,0,0,0,0,0,0,0,0,0,0,0,0,0,0,0,0,0,0,1,0,0,0
2017-05-06 03:00:00+00:00,25.0,78.0,17.16666667,3,0,0,0,1,0,0,0,0,0,0,0,0,0,0,0,0,0,0,0,0,0,0,0,0,1,0,0,0
2017-05-06 04:00:00+00:00,25.0,78.0,16.66666667,4,0,0,0,0,1,0,0,0,0,0,0,0,0,0,0,0,0,0,0,0,0,0,0,0,1,0,0,0
2017-05-06 05:00:00+00:00,24.0,89.0,14.33333333,5,0,0,0,0,0,1,0,0,0,0,0,0,0,0,0,0,0,0,0,0,0,0,0,0,1,0,0,0
2017-05-06 06:00:00+00:00,23.0,94.0,15.66666667,6,0,0,0,0,0,0,1,0,0,0,0,0,0,0,0,0,0,0,0,0,0,0,0,0,0,1,0,0
2017-05-06 07:00:00+00:00,24.0,94.0,14.33333333,7,0,0,0,0,0,0,0,1,0,0,0,0,0,0,0,0,0,0,0,0,0,0,0,0,0,1,0,0
2017-05-06 08:00:00+00:00,27.0,79.0,14.33333333,8,0,0,0,0,0,0,0,0,1,0,0,0,0,0,0,0,0,0,0,0,0,0,0,0,0,1,0,0
2017-05-06 09:00:00+00:00,28.0,70.0,16.16666667,9,0,0,0,0,0,0,0,0,0,1,0,0,0,0,0,0,0,0,0,0,0,0,0,0,0,1,0,0
2017-05-06 10:00:00+00:00,29.0,70.0,17.16666667,10,0,0,0,0,0,0,0,0,0,0,1,0,0,0,0,0,0,0,0,0,0,0,0,0,0,1,0,0
2017-05-06 11:00:00+00:00,30.0,66.0,17.33333333,11,0,0,0,0,0,0,0,0,0,0,0,1,0,0,0,0,0,0,0,0,0,0,0,0,0,1,0,0
2017-05-06 12:00:00+00:00,31.0,58.0,16.16666667,12,0,0,0,0,0,0,0,0,0,0,0,0,1,0,0,0,0,0,0,0,0,0,0,0,0,0,1,0
2017-05-06 13:00:00+00:00,33.0,49.0,22.33333333,13,0,0,0,0,0,0,0,0,0,0,0,0,0,1,0,0,0,0,0,0,0,0,0,0,0,0,1,0
2017-05-06 14:00:00+00:00,25.0,65.0,20.5,14,0,0,0,0,0,0,0,0,0,0,0,0,0,0,1,0,0,0,0,0,0,0,0,0,0,0,1,0
2017-05-06 15:00:00+00:00,33.0,52.0,19.5,15,0,0,0,0,0,0,0,0,0,0,0,0,0,0,0,1,0,0,0,0,0,0,0,0,0,0,1,0
2017-05-06 16:00:00+00:00,25.0,65.0,21.16666667,16,0,0,0,0,0,0,0,0,0,0,0,0,0,0,0,0,1,0,0,0,0,0,0,0,0,0,1,0
2017-05-06 17:00:00+00:00,33.0,55.0,19.16666667,17,0,0,0,0,0,0,0,0,0,0,0,0,0,0,0,0,0,1,0,0,0,0,0,0,0,0,1,0
2017-05-06 18:00:00+00:00,33.0,55.0,22.66666667,18,0,0,0,0,0,0,0,0,0,0,0,0,0,0,0,0,0,0,1,0,0,0,0,0,0,0,0,1
2017-05-06 19:00:00+00:00,30.0,62.0,29.66666667,19,0,0,0,0,0,0,0,0,0,0,0,0,0,0,0,0,0,0,0,1,0,0,0,0,0,0,0,1
2017-05-06 20:00:00+00:00,29.0,79.0,33.16666667,20,0,0,0,0,0,0,0,0,0,0,0,0,0,0,0,0,0,0,0,0,1,0,0,0,0,0,0,1
2017-05-06 21:00:00+00:00,29.0,79.0,33.0,21,0,0,0,0,0,0,0,0,0,0,0,0,0,0,0,0,0,0,0,0,0,1,0,0,0,0,0,1
2017-05-06 22:00:00+00:00,28.0,58.0,28.83333333,22,0,0,0,0,0,0,0,0,0,0,0,0,0,0,0,0,0,0,0,0,0,0,1,0,0,0,0,1
2017-05-06 23:00:00+00:00,25.0,65.0,25.33333333,23,0,0,0,0,0,0,0,0,0,0,0,0,0,0,0,0,0,0,0,0,0,0,0,1,0,0,0,1
2017-05-07 00:00:00+00:00,25.0,65.0,20.0,0,1,0,0,0,0,0,0,0,0,0,0,0,0,0,0,0,0,0,0,0,0,0,0,0,1,0,0,0
2017-05-07 01:00:00+00:00,25.0,65.0,18.33333333,1,0,1,0,0,0,0,0,0,0,0,0,0,0,0,0,0,0,0,0,0,0,0,0,0,1,0,0,0
2017-05-07 02:00:00+00:00,25.0,65.0,16.66666667,2,0,0,1,0,0,0,0,0,0,0,0,0,0,0,0,0,0,0,0,0,0,0,0,0,1,0,0,0
2017-05-07 03:00:00+00:00,24.0,78.0,16.0,3,0,0,0,1,0,0,0,0,0,0,0,0,0,0,0,0,0,0,0,0,0,0,0,0,1,0,0,0
2017-05-07 04:00:00+00:00,24.0,78.0,15.0,4,0,0,0,0,1,0,0,0,0,0,0,0,0,0,0,0,0,0,0,0,0,0,0,0,1,0,0,0
2017-05-07 05:00:00+00:00,24.0,83.0,13.66666667,5,0,0,0,0,0,1,0,0,0,0,0,0,0,0,0,0,0,0,0,0,0,0,0,0,1,0,0,0
2017-05-07 06:00:00+00:00,25.0,65.0,14.16666667,6,0,0,0,0,0,0,1,0,0,0,0,0,0,0,0,0,0,0,0,0,0,0,0,0,0,1,0,0
2017-05-07 07:00:00+00:00,24.0,83.0,14.66666667,7,0,0,0,0,0,0,0,1,0,0,0,0,0,0,0,0,0,0,0,0,0,0,0,0,0,1,0,0
2017-05-07 08:00:00+00:00,24.0,83.0,17.66666667,8,0,0,0,0,0,0,0,0,1,0,0,0,0,0,0,0,0,0,0,0,0,0,0,0,0,1,0,0
2017-05-07 09:00:00+00:00,26.0,74.0,18.16666667,9,0,0,0,0,0,0,0,0,0,1,0,0,0,0,0,0,0,0,0,0,0,0,0,0,0,1,0,0
2017-05-07 10:00:00+00:00,29.0,66.0,19.5,10,0,0,0,0,0,0,0,0,0,0,1,0,0,0,0,0,0,0,0,0,0,0,0,0,0,1,0,0
2017-05-07 11:00:00+00:00,30.0,62.0,23.0,11,0,0,0,0,0,0,0,0,0,0,0,1,0,0,0,0,0,0,0,0,0,0,0,0,0,1,0,0
2017-05-07 12:00:00+00:00,31.0,58.0,20.0,12,0,0,0,0,0,0,0,0,0,0,0,0,1,0,0,0,0,0,0,0,0,0,0,0,0,0,1,0
2017-05-07 13:00:00+00:00,32.0,59.0,22.33333333,13,0,0,0,0,0,0,0,0,0,0,0,0,0,1,0,0,0,0,0,0,0,0,0,0,0,0,1,0
2017-05-07 14:00:00+00:00,33.0,55.0,22.66666667,14,0,0,0,0,0,0,0,0,0,0,0,0,0,0,1,0,0,0,0,0,0,0,0,0,0,0,1,0
2017-05-07 15:00:00+00:00,34.0,52.0,19.66666667,15,0,0,0,0,0,0,0,0,0,0,0,0,0,0,0,1,0,0,0,0,0,0,0,0,0,0,1,0
2017-05-07 16:00:00+00:00,32.0,59.0,20.66666667,16,0,0,0,0,0,0,0,0,0,0,0,0,0,0,0,0,1,0,0,0,0,0,0,0,0,0,1,0
2017-05-07 17:00:00+00:00,31.0,58.0,22.16666667,17,0,0,0,0,0,0,0,0,0,0,0,0,0,0,0,0,0,1,0,0,0,0,0,0,0,0,1,0
2017-05-07 18:00:00+00:00,30.0,58.0,25.0,18,0,0,0,0,0,0,0,0,0,0,0,0,0,0,0,0,0,0,1,0,0,0,0,0,0,0,0,1
2017-05-07 19:00:00+00:00,24.0,89.0,30.0,19,0,0,0,0,0,0,0,0,0,0,0,0,0,0,0,0,0,0,0,1,0,0,0,0,0,0,0,1
2017-05-07 20:00:00+00:00,23.0,94.0,29.0,20,0,0,0,0,0,0,0,0,0,0,0,0,0,0,0,0,0,0,0,0,1,0,0,0,0,0,0,1
2017-05-07 21:00:00+00:00,23.0,94.0,27.83333333,21,0,0,0,0,0,0,0,0,0,0,0,0,0,0,0,0,0,0,0,0,0,1,0,0,0,0,0,1
2017-05-07 22:00:00+00:00,23.0,88.0,26.16666667,22,0,0,0,0,0,0,0,0,0,0,0,0,0,0,0,0,0,0,0,0,0,0,1,0,0,0,0,1
2017-05-07 23:00:00+00:00,25.0,65.0,23.0,23,0,0,0,0,0,0,0,0,0,0,0,0,0,0,0,0,0,0,0,0,0,0,0,1,0,0,0,1
2017-05-08 00:00:00+00:00,25.0,65.0,19.16666667,0,1,0,0,0,0,0,0,0,0,0,0,0,0,0,0,0,0,0,0,0,0,0,0,0,1,0,0,0
2017-05-08 01:00:00+00:00,22.0,94.0,17.5,1,0,1,0,0,0,0,0,0,0,0,0,0,0,0,0,0,0,0,0,0,0,0,0,0,1,0,0,0
2017-05-08 02:00:00+00:00,21.0,100.0,16.83333333,2,0,0,1,0,0,0,0,0,0,0,0,0,0,0,0,0,0,0,0,0,0,0,0,0,1,0,0,0
2017-05-08 03:00:00+00:00,21.0,100.0,15.83333333,3,0,0,0,1,0,0,0,0,0,0,0,0,0,0,0,0,0,0,0,0,0,0,0,0,1,0,0,0
2017-05-08 04:00:00+00:00,21.0,100.0,15.5,4,0,0,0,0,1,0,0,0,0,0,0,0,0,0,0,0,0,0,0,0,0,0,0,0,1,0,0,0
2017-05-08 05:00:00+00:00,20.0,100.0,15.5,5,0,0,0,0,0,1,0,0,0,0,0,0,0,0,0,0,0,0,0,0,0,0,0,0,1,0,0,0
2017-05-08 06:00:00+00:00,20.0,100.0,16.0,6,0,0,0,0,0,0,1,0,0,0,0,0,0,0,0,0,0,0,0,0,0,0,0,0,0,1,0,0
2017-05-08 07:00:00+00:00,21.0,100.0,16.0,7,0,0,0,0,0,0,0,1,0,0,0,0,0,0,0,0,0,0,0,0,0,0,0,0,0,1,0,0
2017-05-08 08:00:00+00:00,23.0,94.0,17.83333333,8,0,0,0,0,0,0,0,0,1,0,0,0,0,0,0,0,0,0,0,0,0,0,0,0,0,1,0,0
2017-05-08 09:00:00+00:00,25.0,83.0,18.16666667,9,0,0,0,0,0,0,0,0,0,1,0,0,0,0,0,0,0,0,0,0,0,0,0,0,0,1,0,0
2017-05-08 10:00:00+00:00,26.0,78.0,19.66666667,10,0,0,0,0,0,0,0,0,0,0,1,0,0,0,0,0,0,0,0,0,0,0,0,0,0,1,0,0
2017-05-08 11:00:00+00:00,28.0,74.0,19.66666667,11,0,0,0,0,0,0,0,0,0,0,0,1,0,0,0,0,0,0,0,0,0,0,0,0,0,1,0,0
2017-05-08 12:00:00+00:00,30.0,62.0,19.83333333,12,0,0,0,0,0,0,0,0,0,0,0,0,1,0,0,0,0,0,0,0,0,0,0,0,0,0,1,0
2017-05-08 13:00:00+00:00,31.0,66.0,20.33333333,13,0,0,0,0,0,0,0,0,0,0,0,0,0,1,0,0,0,0,0,0,0,0,0,0,0,0,1,0
2017-05-08 14:00:00+00:00,32.0,62.0,20.5,14,0,0,0,0,0,0,0,0,0,0,0,0,0,0,1,0,0,0,0,0,0,0,0,0,0,0,1,0
2017-05-08 15:00:00+00:00,33.0,52.0,21.83333333,15,0,0,0,0,0,0,0,0,0,0,0,0,0,0,0,1,0,0,0,0,0,0,0,0,0,0,1,0
2017-05-08 16:00:00+00:00,33.0,55.0,21.66666667,16,0,0,0,0,0,0,0,0,0,0,0,0,0,0,0,0,1,0,0,0,0,0,0,0,0,0,1,0
2017-05-08 17:00:00+00:00,33.0,55.0,20.66666667,17,0,0,0,0,0,0,0,0,0,0,0,0,0,0,0,0,0,1,0,0,0,0,0,0,0,0,1,0
2017-05-08 18:00:00+00:00,33.0,55.0,25.16666667,18,0,0,0,0,0,0,0,0,0,0,0,0,0,0,0,0,0,0,1,0,0,0,0,0,0,0,0,1
2017-05-08 19:00:00+00:00,30.0,66.0,32.33333333,19,0,0,0,0,0,0,0,0,0,0,0,0,0,0,0,0,0,0,0,1,0,0,0,0,0,0,0,1
2017-05-08 20:00:00+00:00,28.0,74.0,33.83333333,20,0,0,0,0,0,0,0,0,0,0,0,0,0,0,0,0,0,0,0,0,1,0,0,0,0,0,0,1
2017-05-08 21:00:00+00:00,26.0,89.0,31.0,21,0,0,0,0,0,0,0,0,0,0,0,0,0,0,0,0,0,0,0,0,0,1,0,0,0,0,0,1
2017-05-08 22:00:00+00:00,26.0,83.0,28.66666667,22,0,0,0,0,0,0,0,0,0,0,0,0,0,0,0,0,0,0,0,0,0,0,1,0,0,0,0,1
2017-05-08 23:00:00+00:00,25.0,65.0,23.66666667,23,0,0,0,0,0,0,0,0,0,0,0,0,0,0,0,0,0,0,0,0,0,0,0,1,0,0,0,1
2017-05-09 00:00:00+00:00,25.0,89.0,21.0,0,1,0,0,0,0,0,0,0,0,0,0,0,0,0,0,0,0,0,0,0,0,0,0,0,1,0,0,0
2017-05-09 01:00:00+00:00,25.0,89.0,19.83333333,1,0,1,0,0,0,0,0,0,0,0,0,0,0,0,0,0,0,0,0,0,0,0,0,0,1,0,0,0
2017-05-09 02:00:00+00:00,24.0,94.0,17.66666667,2,0,0,1,0,0,0,0,0,0,0,0,0,0,0,0,0,0,0,0,0,0,0,0,0,1,0,0,0
2017-05-09 03:00:00+00:00,24.0,94.0,17.66666667,3,0,0,0,1,0,0,0,0,0,0,0,0,0,0,0,0,0,0,0,0,0,0,0,0,1,0,0,0
2017-05-09 04:00:00+00:00,24.0,94.0,16.5,4,0,0,0,0,1,0,0,0,0,0,0,0,0,0,0,0,0,0,0,0,0,0,0,0,1,0,0,0
2017-05-09 05:00:00+00:00,24.0,94.0,15.83333333,5,0,0,0,0,0,1,0,0,0,0,0,0,0,0,0,0,0,0,0,0,0,0,0,0,1,0,0,0
2017-05-09 06:00:00+00:00,23.0,100.0,16.0,6,0,0,0,0,0,0,1,0,0,0,0,0,0,0,0,0,0,0,0,0,0,0,0,0,0,1,0,0
2017-05-09 07:00:00+00:00,25.0,89.0,15.66666667,7,0,0,0,0,0,0,0,1,0,0,0,0,0,0,0,0,0,0,0,0,0,0,0,0,0,1,0,0
2017-05-09 08:00:00+00:00,26.0,83.0,16.33333333,8,0,0,0,0,0,0,0,0,1,0,0,0,0,0,0,0,0,0,0,0,0,0,0,0,0,1,0,0
2017-05-09 09:00:00+00:00,29.0,66.0,22.66666667,9,0,0,0,0,0,0,0,0,0,1,0,0,0,0,0,0,0,0,0,0,0,0,0,0,0,1,0,0
2017-05-09 10:00:00+00:00,31.0,52.0,21.33333333,10,0,0,0,0,0,0,0,0,0,0,1,0,0,0,0,0,0,0,0,0,0,0,0,0,0,1,0,0
2017-05-09 11:00:00+00:00,32.0,55.0,21.16666667,11,0,0,0,0,0,0,0,0,0,0,0,1,0,0,0,0,0,0,0,0,0,0,0,0,0,1,0,0
2017-05-09 12:00:00+00:00,34.0,49.0,20.16666667,12,0,0,0,0,0,0,0,0,0,0,0,0,1,0,0,0,0,0,0,0,0,0,0,0,0,0,1,0
2017-05-09 13:00:00+00:00,34.0,49.0,22.33333333,13,0,0,0,0,0,0,0,0,0,0,0,0,0,1,0,0,0,0,0,0,0,0,0,0,0,0,1,0
2017-05-09 14:00:00+00:00,35.0,47.0,24.0,14,0,0,0,0,0,0,0,0,0,0,0,0,0,0,1,0,0,0,0,0,0,0,0,0,0,0,1,0
2017-05-09 15:00:00+00:00,34.0,46.0,23.16666667,15,0,0,0,0,0,0,0,0,0,0,0,0,0,0,0,1,0,0,0,0,0,0,0,0,0,0,1,0
2017-05-09 16:00:00+00:00,35.0,47.0,26.33333333,16,0,0,0,0,0,0,0,0,0,0,0,0,0,0,0,0,1,0,0,0,0,0,0,0,0,0,1,0
2017-05-09 17:00:00+00:00,35.0,44.0,23.0,17,0,0,0,0,0,0,0,0,0,0,0,0,0,0,0,0,0,1,0,0,0,0,0,0,0,0,1,0
2017-05-09 18:00:00+00:00,33.0,52.0,23.33333333,18,0,0,0,0,0,0,0,0,0,0,0,0,0,0,0,0,0,0,1,0,0,0,0,0,0,0,0,1
2017-05-09 19:00:00+00:00,29.0,58.0,28.0,19,0,0,0,0,0,0,0,0,0,0,0,0,0,0,0,0,0,0,0,1,0,0,0,0,0,0,0,1
2017-05-09 20:00:00+00:00,28.0,62.0,32.0,20,0,0,0,0,0,0,0,0,0,0,0,0,0,0,0,0,0,0,0,0,1,0,0,0,0,0,0,1
2017-05-09 21:00:00+00:00,26.0,65.0,27.66666667,21,0,0,0,0,0,0,0,0,0,0,0,0,0,0,0,0,0,0,0,0,0,1,0,0,0,0,0,1
2017-05-09 22:00:00+00:00,26.0,65.0,26.83333333,22,0,0,0,0,0,0,0,0,0,0,0,0,0,0,0,0,0,0,0,0,0,0,1,0,0,0,0,1
2017-05-09 23:00:00+00:00,24.0,78.0,23.5,23,0,0,0,0,0,0,0,0,0,0,0,0,0,0,0,0,0,0,0,0,0,0,0,1,0,0,0,1
2017-05-10 00:00:00+00:00,24.0,78.0,18.66666667,0,1,0,0,0,0,0,0,0,0,0,0,0,0,0,0,0,0,0,0,0,0,0,0,0,1,0,0,0
2017-05-10 01:00:00+00:00,23.0,88.0,17.83333333,1,0,1,0,0,0,0,0,0,0,0,0,0,0,0,0,0,0,0,0,0,0,0,0,0,1,0,0,0
2017-05-10 02:00:00+00:00,25.0,65.0,16.33333333,2,0,0,1,0,0,0,0,0,0,0,0,0,0,0,0,0,0,0,0,0,0,0,0,0,1,0,0,0
2017-05-10 03:00:00+00:00,25.0,65.0,15.0,3,0,0,0,1,0,0,0,0,0,0,0,0,0,0,0,0,0,0,0,0,0,0,0,0,1,0,0,0
2017-05-10 04:00:00+00:00,23.0,88.0,13.33333333,4,0,0,0,0,1,0,0,0,0,0,0,0,0,0,0,0,0,0,0,0,0,0,0,0,1,0,0,0
2017-05-10 05:00:00+00:00,22.0,94.0,12.83333333,5,0,0,0,0,0,1,0,0,0,0,0,0,0,0,0,0,0,0,0,0,0,0,0,0,1,0,0,0
2017-05-10 06:00:00+00:00,22.0,94.0,14.66666667,6,0,0,0,0,0,0,1,0,0,0,0,0,0,0,0,0,0,0,0,0,0,0,0,0,0,1,0,0
2017-05-10 07:00:00+00:00,24.0,89.0,11.16666667,7,0,0,0,0,0,0,0,1,0,0,0,0,0,0,0,0,0,0,0,0,0,0,0,0,0,1,0,0
2017-05-10 08:00:00+00:00,25.0,83.0,15.66666667,8,0,0,0,0,0,0,0,0,1,0,0,0,0,0,0,0,0,0,0,0,0,0,0,0,0,1,0,0
2017-05-10 09:00:00+00:00,23.0,88.0,17.16666667,9,0,0,0,0,0,0,0,0,0,1,0,0,0,0,0,0,0,0,0,0,0,0,0,0,0,1,0,0
2017-05-10 10:00:00+00:00,23.0,88.0,18.16666667,10,0,0,0,0,0,0,0,0,0,0,1,0,0,0,0,0,0,0,0,0,0,0,0,0,0,1,0,0
2017-05-10 11:00:00+00:00,23.0,100.0,16.0,11,0,0,0,0,0,0,0,0,0,0,0,1,0,0,0,0,0,0,0,0,0,0,0,0,0,1,0,0
2017-05-10 12:00:00+00:00,24.0,94.0,16.66666667,12,0,0,0,0,0,0,0,0,0,0,0,0,1,0,0,0,0,0,0,0,0,0,0,0,0,0,1,0
2017-05-10 13:00:00+00:00,26.0,78.0,16.16666667,13,0,0,0,0,0,0,0,0,0,0,0,0,0,1,0,0,0,0,0,0,0,0,0,0,0,0,1,0
2017-05-10 14:00:00+00:00,25.0,65.0,18.16666667,14,0,0,0,0,0,0,0,0,0,0,0,0,0,0,1,0,0,0,0,0,0,0,0,0,0,0,1,0
2017-05-10 15:00:00+00:00,29.0,66.0,17.0,15,0,0,0,0,0,0,0,0,0,0,0,0,0,0,0,1,0,0,0,0,0,0,0,0,0,0,1,0
2017-05-10 16:00:00+00:00,30.0,66.0,18.16666667,16,0,0,0,0,0,0,0,0,0,0,0,0,0,0,0,0,1,0,0,0,0,0,0,0,0,0,1,0
2017-05-10 17:00:00+00:00,30.0,58.0,18.33333333,17,0,0,0,0,0,0,0,0,0,0,0,0,0,0,0,0,0,1,0,0,0,0,0,0,0,0,1,0
2017-05-10 18:00:00+00:00,30.0,62.0,21.83333333,18,0,0,0,0,0,0,0,0,0,0,0,0,0,0,0,0,0,0,1,0,0,0,0,0,0,0,0,1
2017-05-10 19:00:00+00:00,27.0,74.0,29.0,19,0,0,0,0,0,0,0,0,0,0,0,0,0,0,0,0,0,0,0,1,0,0,0,0,0,0,0,1
2017-05-10 20:00:00+00:00,26.0,83.0,30.0,20,0,0,0,0,0,0,0,0,0,0,0,0,0,0,0,0,0,0,0,0,1,0,0,0,0,0,0,1
2017-05-10 21:00:00+00:00,25.0,94.0,26.33333333,21,0,0,0,0,0,0,0,0,0,0,0,0,0,0,0,0,0,0,0,0,0,1,0,0,0,0,0,1
2017-05-10 22:00:00+00:00,25.0,89.0,23.16666667,22,0,0,0,0,0,0,0,0,0,0,0,0,0,0,0,0,0,0,0,0,0,0,1,0,0,0,0,1
2017-05-10 23:00:00+00:00,25.0,89.0,18.16666667,23,0,0,0,0,0,0,0,0,0,0,0,0,0,0,0,0,0,0,0,0,0,0,0,1,0,0,0,1
2017-05-11 00:00:00+00:00,24.0,94.0,18.0,0,1,0,0,0,0,0,0,0,0,0,0,0,0,0,0,0,0,0,0,0,0,0,0,0,1,0,0,0
2017-05-11 01:00:00+00:00,24.0,94.0,16.83333333,1,0,1,0,0,0,0,0,0,0,0,0,0,0,0,0,0,0,0,0,0,0,0,0,0,1,0,0,0
2017-05-11 02:00:00+00:00,24.0,94.0,15.33333333,2,0,0,1,0,0,0,0,0,0,0,0,0,0,0,0,0,0,0,0,0,0,0,0,0,1,0,0,0
2017-05-11 03:00:00+00:00,23.0,100.0,14.5,3,0,0,0,1,0,0,0,0,0,0,0,0,0,0,0,0,0,0,0,0,0,0,0,0,1,0,0,0
2017-05-11 04:00:00+00:00,24.0,94.0,15.0,4,0,0,0,0,1,0,0,0,0,0,0,0,0,0,0,0,0,0,0,0,0,0,0,0,1,0,0,0
2017-05-11 05:00:00+00:00,23.0,100.0,13.33333333,5,0,0,0,0,0,1,0,0,0,0,0,0,0,0,0,0,0,0,0,0,0,0,0,0,1,0,0,0
2017-05-11 06:00:00+00:00,23.0,100.0,14.0,6,0,0,0,0,0,0,1,0,0,0,0,0,0,0,0,0,0,0,0,0,0,0,0,0,0,1,0,0
2017-05-11 07:00:00+00:00,24.0,89.0,13.33333333,7,0,0,0,0,0,0,0,1,0,0,0,0,0,0,0,0,0,0,0,0,0,0,0,0,0,1,0,0
2017-05-11 08:00:00+00:00,24.0,89.0,16.66666667,8,0,0,0,0,0,0,0,0,1,0,0,0,0,0,0,0,0,0,0,0,0,0,0,0,0,1,0,0
2017-05-11 09:00:00+00:00,28.0,79.0,17.83333333,9,0,0,0,0,0,0,0,0,0,1,0,0,0,0,0,0,0,0,0,0,0,0,0,0,0,1,0,0
2017-05-11 10:00:00+00:00,29.0,74.0,19.83333333,10,0,0,0,0,0,0,0,0,0,0,1,0,0,0,0,0,0,0,0,0,0,0,0,0,0,1,0,0
2017-05-11 11:00:00+00:00,30.0,70.0,20.83333333,11,0,0,0,0,0,0,0,0,0,0,0,1,0,0,0,0,0,0,0,0,0,0,0,0,0,1,0,0
2017-05-11 12:00:00+00:00,31.0,70.0,17.0,12,0,0,0,0,0,0,0,0,0,0,0,0,1,0,0,0,0,0,0,0,0,0,0,0,0,0,1,0
2017-05-11 13:00:00+00:00,32.0,62.0,17.5,13,0,0,0,0,0,0,0,0,0,0,0,0,0,1,0,0,0,0,0,0,0,0,0,0,0,0,1,0
2017-05-11 14:00:00+00:00,32.0,62.0,18.66666667,14,0,0,0,0,0,0,0,0,0,0,0,0,0,0,1,0,0,0,0,0,0,0,0,0,0,0,1,0
2017-05-11 15:00:00+00:00,32.0,62.0,20.0,15,0,0,0,0,0,0,0,0,0,0,0,0,0,0,0,1,0,0,0,0,0,0,0,0,0,0,1,0
2017-05-11 16:00:00+00:00,31.0,62.0,18.66666667,16,0,0,0,0,0,0,0,0,0,0,0,0,0,0,0,0,1,0,0,0,0,0,0,0,0,0,1,0
2017-05-11 17:00:00+00:00,31.0,58.0,17.5,17,0,0,0,0,0,0,0,0,0,0,0,0,0,0,0,0,0,1,0,0,0,0,0,0,0,0,1,0
2017-05-11 18:00:00+00:00,31.0,62.0,22.16666667,18,0,0,0,0,0,0,0,0,0,0,0,0,0,0,0,0,0,0,1,0,0,0,0,0,0,0,0,1
2017-05-11 19:00:00+00:00,29.0,70.0,28.83333333,19,0,0,0,0,0,0,0,0,0,0,0,0,0,0,0,0,0,0,0,1,0,0,0,0,0,0,0,1
2017-05-11 20:00:00+00:00,28.0,74.0,31.16666667,20,0,0,0,0,0,0,0,0,0,0,0,0,0,0,0,0,0,0,0,0,1,0,0,0,0,0,0,1
2017-05-11 21:00:00+00:00,27.0,79.0,29.66666667,21,0,0,0,0,0,0,0,0,0,0,0,0,0,0,0,0,0,0,0,0,0,1,0,0,0,0,0,1
2017-05-11 22:00:00+00:00,26.0,89.0,26.66666667,22,0,0,0,0,0,0,0,0,0,0,0,0,0,0,0,0,0,0,0,0,0,0,1,0,0,0,0,1
2017-05-11 23:00:00+00:00,26.0,89.0,22.83333333,23,0,0,0,0,0,0,0,0,0,0,0,0,0,0,0,0,0,0,0,0,0,0,0,1,0,0,0,1
2017-05-12 00:00:00+00:00,25.0,94.0,18.16666667,0,1,0,0,0,0,0,0,0,0,0,0,0,0,0,0,0,0,0,0,0,0,0,0,0,1,0,0,0
2017-05-12 01:00:00+00:00,25.0,94.0,15.83333333,1,0,1,0,0,0,0,0,0,0,0,0,0,0,0,0,0,0,0,0,0,0,0,0,0,1,0,0,0
2017-05-12 02:00:00+00:00,25.0,94.0,15.66666667,2,0,0,1,0,0,0,0,0,0,0,0,0,0,0,0,0,0,0,0,0,0,0,0,0,1,0,0,0
2017-05-12 03:00:00+00:00,24.0,100.0,14.66666667,3,0,0,0,1,0,0,0,0,0,0,0,0,0,0,0,0,0,0,0,0,0,0,0,0,1,0,0,0
2017-05-12 04:00:00+00:00,24.0,100.0,14.83333333,4,0,0,0,0,1,0,0,0,0,0,0,0,0,0,0,0,0,0,0,0,0,0,0,0,1,0,0,0
2017-05-12 05:00:00+00:00,24.0,100.0,15.0,5,0,0,0,0,0,1,0,0,0,0,0,0,0,0,0,0,0,0,0,0,0,0,0,0,1,0,0,0
2017-05-12 06:00:00+00:00,24.0,100.0,14.16666667,6,0,0,0,0,0,0,1,0,0,0,0,0,0,0,0,0,0,0,0,0,0,0,0,0,0,1,0,0
2017-05-12 07:00:00+00:00,25.0,100.0,14.16666667,7,0,0,0,0,0,0,0,1,0,0,0,0,0,0,0,0,0,0,0,0,0,0,0,0,0,1,0,0
2017-05-12 08:00:00+00:00,27.0,89.0,16.16666667,8,0,0,0,0,0,0,0,0,1,0,0,0,0,0,0,0,0,0,0,0,0,0,0,0,0,1,0,0
2017-05-12 09:00:00+00:00,27.0,89.0,20.5,9,0,0,0,0,0,0,0,0,0,1,0,0,0,0,0,0,0,0,0,0,0,0,0,0,0,1,0,0
2017-05-12 10:00:00+00:00,24.0,89.0,21.66666667,10,0,0,0,0,0,0,0,0,0,0,1,0,0,0,0,0,0,0,0,0,0,0,0,0,0,1,0,0
2017-05-12 11:00:00+00:00,23.0,94.0,18.16666667,11,0,0,0,0,0,0,0,0,0,0,0,1,0,0,0,0,0,0,0,0,0,0,0,0,0,1,0,0
2017-05-12 12:00:00+00:00,22.0,100.0,13.66666667,12,0,0,0,0,0,0,0,0,0,0,0,0,1,0,0,0,0,0,0,0,0,0,0,0,0,0,1,0
2017-05-12 13:00:00+00:00,23.0,94.0,15.66666667,13,0,0,0,0,0,0,0,0,0,0,0,0,0,1,0,0,0,0,0,0,0,0,0,0,0,0,1,0
2017-05-12 14:00:00+00:00,24.0,94.0,16.83333333,14,0,0,0,0,0,0,0,0,0,0,0,0,0,0,1,0,0,0,0,0,0,0,0,0,0,0,1,0
2017-05-12 15:00:00+00:00,25.0,89.0,17.66666667,15,0,0,0,0,0,0,0,0,0,0,0,0,0,0,0,1,0,0,0,0,0,0,0,0,0,0,1,0
2017-05-12 16:00:00+00:00,26.0,83.0,15.33333333,16,0,0,0,0,0,0,0,0,0,0,0,0,0,0,0,0,1,0,0,0,0,0,0,0,0,0,1,0
2017-05-12 17:00:00+00:00,26.0,83.0,13.66666667,17,0,0,0,0,0,0,0,0,0,0,0,0,0,0,0,0,0,1,0,0,0,0,0,0,0,0,1,0
2017-05-12 18:00:00+00:00,26.0,83.0,17.16666667,18,0,0,0,0,0,0,0,0,0,0,0,0,0,0,0,0,0,0,1,0,0,0,0,0,0,0,0,1
2017-05-12 19:00:00+00:00,25.0,89.0,22.5,19,0,0,0,0,0,0,0,0,0,0,0,0,0,0,0,0,0,0,0,1,0,0,0,0,0,0,0,1
2017-05-12 20:00:00+00:00,24.0,89.0,21.16666667,20,0,0,0,0,0,0,0,0,0,0,0,0,0,0,0,0,0,0,0,0,1,0,0,0,0,0,0,1
2017-05-12 21:00:00+00:00,23.0,100.0,21.83333333,21,0,0,0,0,0,0,0,0,0,0,0,0,0,0,0,0,0,0,0,0,0,1,0,0,0,0,0,1
2017-05-12 22:00:00+00:00,23.0,100.0,21.33333333,22,0,0,0,0,0,0,0,0,0,0,0,0,0,0,0,0,0,0,0,0,0,0,1,0,0,0,0,1
2017-05-12 23:00:00+00:00,23.0,100.0,18.33333333,23,0,0,0,0,0,0,0,0,0,0,0,0,0,0,0,0,0,0,0,0,0,0,0,1,0,0,0,1
2017-05-13 00:00:00+00:00,22.0,100.0,15.66666667,0,1,0,0,0,0,0,0,0,0,0,0,0,0,0,0,0,0,0,0,0,0,0,0,0,1,0,0,0
2017-05-13 01:00:00+00:00,22.0,100.0,13.16666667,1,0,1,0,0,0,0,0,0,0,0,0,0,0,0,0,0,0,0,0,0,0,0,0,0,1,0,0,0
2017-05-13 02:00:00+00:00,22.0,100.0,12.5,2,0,0,1,0,0,0,0,0,0,0,0,0,0,0,0,0,0,0,0,0,0,0,0,0,1,0,0,0
2017-05-13 03:00:00+00:00,21.0,100.0,13.16666667,3,0,0,0,1,0,0,0,0,0,0,0,0,0,0,0,0,0,0,0,0,0,0,0,0,1,0,0,0
2017-05-13 04:00:00+00:00,21.0,100.0,12.16666667,4,0,0,0,0,1,0,0,0,0,0,0,0,0,0,0,0,0,0,0,0,0,0,0,0,1,0,0,0
2017-05-13 05:00:00+00:00,21.0,100.0,12.0,5,0,0,0,0,0,1,0,0,0,0,0,0,0,0,0,0,0,0,0,0,0,0,0,0,1,0,0,0
2017-05-13 06:00:00+00:00,20.0,100.0,12.33333333,6,0,0,0,0,0,0,1,0,0,0,0,0,0,0,0,0,0,0,0,0,0,0,0,0,0,1,0,0
2017-05-13 07:00:00+00:00,22.0,100.0,11.5,7,0,0,0,0,0,0,0,1,0,0,0,0,0,0,0,0,0,0,0,0,0,0,0,0,0,1,0,0
2017-05-13 08:00:00+00:00,26.0,83.0,14.16666667,8,0,0,0,0,0,0,0,0,1,0,0,0,0,0,0,0,0,0,0,0,0,0,0,0,0,1,0,0
2017-05-13 09:00:00+00:00,25.0,89.0,12.33333333,9,0,0,0,0,0,0,0,0,0,1,0,0,0,0,0,0,0,0,0,0,0,0,0,0,0,1,0,0
2017-05-13 10:00:00+00:00,28.0,79.0,16.33333333,10,0,0,0,0,0,0,0,0,0,0,1,0,0,0,0,0,0,0,0,0,0,0,0,0,0,1,0,0
2017-05-13 11:00:00+00:00,29.0,74.0,17.66666667,11,0,0,0,0,0,0,0,0,0,0,0,1,0,0,0,0,0,0,0,0,0,0,0,0,0,1,0,0
2017-05-13 12:00:00+00:00,31.0,66.0,16.16666667,12,0,0,0,0,0,0,0,0,0,0,0,0,1,0,0,0,0,0,0,0,0,0,0,0,0,0,1,0
2017-05-13 13:00:00+00:00,32.0,62.0,16.5,13,0,0,0,0,0,0,0,0,0,0,0,0,0,1,0,0,0,0,0,0,0,0,0,0,0,0,1,0
2017-05-13 14:00:00+00:00,32.0,62.0,17.83333333,14,0,0,0,0,0,0,0,0,0,0,0,0,0,0,1,0,0,0,0,0,0,0,0,0,0,0,1,0
2017-05-13 15:00:00+00:00,34.0,52.0,18.33333333,15,0,0,0,0,0,0,0,0,0,0,0,0,0,0,0,1,0,0,0,0,0,0,0,0,0,0,1,0
2017-05-13 16:00:00+00:00,32.0,59.0,18.5,16,0,0,0,0,0,0,0,0,0,0,0,0,0,0,0,0,1,0,0,0,0,0,0,0,0,0,1,0
2017-05-13 17:00:00+00:00,31.0,66.0,16.0,17,0,0,0,0,0,0,0,0,0,0,0,0,0,0,0,0,0,1,0,0,0,0,0,0,0,0,1,0
2017-05-13 18:00:00+00:00,31.0,66.0,17.16666667,18,0,0,0,0,0,0,0,0,0,0,0,0,0,0,0,0,0,0,1,0,0,0,0,0,0,0,0,1
2017-05-13 19:00:00+00:00,28.0,70.0,26.33333333,19,0,0,0,0,0,0,0,0,0,0,0,0,0,0,0,0,0,0,0,1,0,0,0,0,0,0,0,1
2017-05-13 20:00:00+00:00,27.0,79.0,28.0,20,0,0,0,0,0,0,0,0,0,0,0,0,0,0,0,0,0,0,0,0,1,0,0,0,0,0,0,1
2017-05-13 21:00:00+00:00,27.0,79.0,27.0,21,0,0,0,0,0,0,0,0,0,0,0,0,0,0,0,0,0,0,0,0,0,1,0,0,0,0,0,1
2017-05-13 22:00:00+00:00,26.0,83.0,24.5,22,0,0,0,0,0,0,0,0,0,0,0,0,0,0,0,0,0,0,0,0,0,0,1,0,0,0,0,1
2017-05-13 23:00:00+00:00,26.0,89.0,20.33333333,23,0,0,0,0,0,0,0,0,0,0,0,0,0,0,0,0,0,0,0,0,0,0,0,1,0,0,0,1
2017-05-14 00:00:00+00:00,25.0,89.0,16.66666667,0,1,0,0,0,0,0,0,0,0,0,0,0,0,0,0,0,0,0,0,0,0,0,0,0,1,0,0,0
2017-05-14 01:00:00+00:00,25.0,89.0,15.83333333,1,0,1,0,0,0,0,0,0,0,0,0,0,0,0,0,0,0,0,0,0,0,0,0,0,1,0,0,0
2017-05-14 02:00:00+00:00,25.0,89.0,15.0,2,0,0,1,0,0,0,0,0,0,0,0,0,0,0,0,0,0,0,0,0,0,0,0,0,1,0,0,0
2017-05-14 03:00:00+00:00,24.0,94.0,14.33333333,3,0,0,0,1,0,0,0,0,0,0,0,0,0,0,0,0,0,0,0,0,0,0,0,0,1,0,0,0
2017-05-14 04:00:00+00:00,24.0,94.0,14.0,4,0,0,0,0,1,0,0,0,0,0,0,0,0,0,0,0,0,0,0,0,0,0,0,0,1,0,0,0
2017-05-14 05:00:00+00:00,25.0,89.0,13.5,5,0,0,0,0,0,1,0,0,0,0,0,0,0,0,0,0,0,0,0,0,0,0,0,0,1,0,0,0
2017-05-14 06:00:00+00:00,24.0,94.0,14.66666667,6,0,0,0,0,0,0,1,0,0,0,0,0,0,0,0,0,0,0,0,0,0,0,0,0,0,1,0,0
2017-05-14 07:00:00+00:00,25.0,94.0,13.16666667,7,0,0,0,0,0,0,0,1,0,0,0,0,0,0,0,0,0,0,0,0,0,0,0,0,0,1,0,0
2017-05-14 08:00:00+00:00,26.0,89.0,12.5,8,0,0,0,0,0,0,0,0,1,0,0,0,0,0,0,0,0,0,0,0,0,0,0,0,0,1,0,0
2017-05-14 09:00:00+00:00,27.0,79.0,15.16666667,9,0,0,0,0,0,0,0,0,0,1,0,0,0,0,0,0,0,0,0,0,0,0,0,0,0,1,0,0
2017-05-14 10:00:00+00:00,29.0,74.0,16.0,10,0,0,0,0,0,0,0,0,0,0,1,0,0,0,0,0,0,0,0,0,0,0,0,0,0,1,0,0
2017-05-14 11:00:00+00:00,25.0,65.0,18.33333333,11,0,0,0,0,0,0,0,0,0,0,0,1,0,0,0,0,0,0,0,0,0,0,0,0,0,1,0,0
2017-05-14 12:00:00+00:00,30.0,70.0,18.0,12,0,0,0,0,0,0,0,0,0,0,0,0,1,0,0,0,0,0,0,0,0,0,0,0,0,0,1,0
2017-05-14 13:00:00+00:00,31.0,66.0,15.0,13,0,0,0,0,0,0,0,0,0,0,0,0,0,1,0,0,0,0,0,0,0,0,0,0,0,0,1,0
2017-05-14 14:00:00+00:00,32.0,62.0,18.16666667,14,0,0,0,0,0,0,0,0,0,0,0,0,0,0,1,0,0,0,0,0,0,0,0,0,0,0,1,0
2017-05-14 15:00:00+00:00,33.0,55.0,19.0,15,0,0,0,0,0,0,0,0,0,0,0,0,0,0,0,1,0,0,0,0,0,0,0,0,0,0,1,0
2017-05-14 16:00:00+00:00,32.0,59.0,20.0,16,0,0,0,0,0,0,0,0,0,0,0,0,0,0,0,0,1,0,0,0,0,0,0,0,0,0,1,0
2017-05-14 17:00:00+00:00,32.0,59.0,23.33333333,17,0,0,0,0,0,0,0,0,0,0,0,0,0,0,0,0,0,1,0,0,0,0,0,0,0,0,1,0
2017-05-14 18:00:00+00:00,31.0,62.0,25.66666667,18,0,0,0,0,0,0,0,0,0,0,0,0,0,0,0,0,0,0,1,0,0,0,0,0,0,0,0,1
2017-05-14 19:00:00+00:00,30.0,70.0,32.33333333,19,0,0,0,0,0,0,0,0,0,0,0,0,0,0,0,0,0,0,0,1,0,0,0,0,0,0,0,1
2017-05-14 20:00:00+00:00,27.0,79.0,30.5,20,0,0,0,0,0,0,0,0,0,0,0,0,0,0,0,0,0,0,0,0,1,0,0,0,0,0,0,1
2017-05-14 21:00:00+00:00,26.0,83.0,31.5,21,0,0,0,0,0,0,0,0,0,0,0,0,0,0,0,0,0,0,0,0,0,1,0,0,0,0,0,1
2017-05-14 22:00:00+00:00,26.0,83.0,25.5,22,0,0,0,0,0,0,0,0,0,0,0,0,0,0,0,0,0,0,0,0,0,0,1,0,0,0,0,1
2017-05-14 23:00:00+00:00,25.0,65.0,20.83333333,23,0,0,0,0,0,0,0,0,0,0,0,0,0,0,0,0,0,0,0,0,0,0,0,1,0,0,0,1
2017-05-15 00:00:00+00:00,24.0,94.0,18.66666667,0,1,0,0,0,0,0,0,0,0,0,0,0,0,0,0,0,0,0,0,0,0,0,0,0,1,0,0,0
2017-05-15 01:00:00+00:00,24.0,94.0,17.33333333,1,0,1,0,0,0,0,0,0,0,0,0,0,0,0,0,0,0,0,0,0,0,0,0,0,1,0,0,0
2017-05-15 02:00:00+00:00,24.0,100.0,16.5,2,0,0,1,0,0,0,0,0,0,0,0,0,0,0,0,0,0,0,0,0,0,0,0,0,1,0,0,0
2017-05-15 03:00:00+00:00,24.0,100.0,16.0,3,0,0,0,1,0,0,0,0,0,0,0,0,0,0,0,0,0,0,0,0,0,0,0,0,1,0,0,0
2017-05-15 04:00:00+00:00,23.0,100.0,15.5,4,0,0,0,0,1,0,0,0,0,0,0,0,0,0,0,0,0,0,0,0,0,0,0,0,1,0,0,0
2017-05-15 05:00:00+00:00,23.0,100.0,16.0,5,0,0,0,0,0,1,0,0,0,0,0,0,0,0,0,0,0,0,0,0,0,0,0,0,1,0,0,0
2017-05-15 06:00:00+00:00,23.0,100.0,16.66666667,6,0,0,0,0,0,0,1,0,0,0,0,0,0,0,0,0,0,0,0,0,0,0,0,0,0,1,0,0
2017-05-15 07:00:00+00:00,24.0,94.0,14.83333333,7,0,0,0,0,0,0,0,1,0,0,0,0,0,0,0,0,0,0,0,0,0,0,0,0,0,1,0,0
2017-05-15 08:00:00+00:00,25.0,94.0,14.5,8,0,0,0,0,0,0,0,0,1,0,0,0,0,0,0,0,0,0,0,0,0,0,0,0,0,1,0,0
2017-05-15 09:00:00+00:00,27.0,89.0,15.33333333,9,0,0,0,0,0,0,0,0,0,1,0,0,0,0,0,0,0,0,0,0,0,0,0,0,0,1,0,0
2017-05-15 10:00:00+00:00,28.0,84.0,15.16666667,10,0,0,0,0,0,0,0,0,0,0,1,0,0,0,0,0,0,0,0,0,0,0,0,0,0,1,0,0
2017-05-15 11:00:00+00:00,29.0,74.0,16.16666667,11,0,0,0,0,0,0,0,0,0,0,0,1,0,0,0,0,0,0,0,0,0,0,0,0,0,1,0,0
2017-05-15 12:00:00+00:00,30.0,70.0,15.33333333,12,0,0,0,0,0,0,0,0,0,0,0,0,1,0,0,0,0,0,0,0,0,0,0,0,0,0,1,0
2017-05-15 13:00:00+00:00,30.0,79.0,14.83333333,13,0,0,0,0,0,0,0,0,0,0,0,0,0,1,0,0,0,0,0,0,0,0,0,0,0,0,1,0
2017-05-15 14:00:00+00:00,31.0,70.0,14.66666667,14,0,0,0,0,0,0,0,0,0,0,0,0,0,0,1,0,0,0,0,0,0,0,0,0,0,0,1,0
2017-05-15 15:00:00+00:00,30.0,74.0,16.33333333,15,0,0,0,0,0,0,0,0,0,0,0,0,0,0,0,1,0,0,0,0,0,0,0,0,0,0,1,0
2017-05-15 16:00:00+00:00,25.0,65.0,16.66666667,16,0,0,0,0,0,0,0,0,0,0,0,0,0,0,0,0,1,0,0,0,0,0,0,0,0,0,1,0
2017-05-15 17:00:00+00:00,25.0,100.0,18.0,17,0,0,0,0,0,0,0,0,0,0,0,0,0,0,0,0,0,1,0,0,0,0,0,0,0,0,1,0
2017-05-15 18:00:00+00:00,27.0,89.0,21.0,18,0,0,0,0,0,0,0,0,0,0,0,0,0,0,0,0,0,0,1,0,0,0,0,0,0,0,0,1
2017-05-15 19:00:00+00:00,25.0,94.0,27.33333333,19,0,0,0,0,0,0,0,0,0,0,0,0,0,0,0,0,0,0,0,1,0,0,0,0,0,0,0,1
2017-05-15 20:00:00+00:00,24.0,100.0,30.16666667,20,0,0,0,0,0,0,0,0,0,0,0,0,0,0,0,0,0,0,0,0,1,0,0,0,0,0,0,1
2017-05-15 21:00:00+00:00,25.0,94.0,28.66666667,21,0,0,0,0,0,0,0,0,0,0,0,0,0,0,0,0,0,0,0,0,0,1,0,0,0,0,0,1
2017-05-15 22:00:00+00:00,24.0,100.0,24.5,22,0,0,0,0,0,0,0,0,0,0,0,0,0,0,0,0,0,0,0,0,0,0,1,0,0,0,0,1
2017-05-15 23:00:00+00:00,25.0,65.0,18.33333333,23,0,0,0,0,0,0,0,0,0,0,0,0,0,0,0,0,0,0,0,0,0,0,0,1,0,0,0,1
2017-05-16 00:00:00+00:00,25.0,65.0,15.83333333,0,1,0,0,0,0,0,0,0,0,0,0,0,0,0,0,0,0,0,0,0,0,0,0,0,1,0,0,0
2017-05-16 01:00:00+00:00,24.0,100.0,15.33333333,1,0,1,0,0,0,0,0,0,0,0,0,0,0,0,0,0,0,0,0,0,0,0,0,0,1,0,0,0
2017-05-16 02:00:00+00:00,25.0,65.0,15.83333333,2,0,0,1,0,0,0,0,0,0,0,0,0,0,0,0,0,0,0,0,0,0,0,0,0,1,0,0,0
2017-05-16 03:00:00+00:00,25.0,65.0,15.16666667,3,0,0,0,1,0,0,0,0,0,0,0,0,0,0,0,0,0,0,0,0,0,0,0,0,1,0,0,0
2017-05-16 04:00:00+00:00,23.0,100.0,14.83333333,4,0,0,0,0,1,0,0,0,0,0,0,0,0,0,0,0,0,0,0,0,0,0,0,0,1,0,0,0
2017-05-16 05:00:00+00:00,23.0,100.0,14.33333333,5,0,0,0,0,0,1,0,0,0,0,0,0,0,0,0,0,0,0,0,0,0,0,0,0,1,0,0,0
2017-05-16 06:00:00+00:00,25.0,65.0,15.83333333,6,0,0,0,0,0,0,1,0,0,0,0,0,0,0,0,0,0,0,0,0,0,0,0,0,0,1,0,0
2017-05-16 07:00:00+00:00,23.0,100.0,14.83333333,7,0,0,0,0,0,0,0,1,0,0,0,0,0,0,0,0,0,0,0,0,0,0,0,0,0,1,0,0
2017-05-16 08:00:00+00:00,24.0,100.0,14.83333333,8,0,0,0,0,0,0,0,0,1,0,0,0,0,0,0,0,0,0,0,0,0,0,0,0,0,1,0,0
2017-05-16 09:00:00+00:00,25.0,94.0,16.33333333,9,0,0,0,0,0,0,0,0,0,1,0,0,0,0,0,0,0,0,0,0,0,0,0,0,0,1,0,0
2017-05-16 10:00:00+00:00,26.0,89.0,16.83333333,10,0,0,0,0,0,0,0,0,0,0,1,0,0,0,0,0,0,0,0,0,0,0,0,0,0,1,0,0
2017-05-16 11:00:00+00:00,24.0,100.0,18.0,11,0,0,0,0,0,0,0,0,0,0,0,1,0,0,0,0,0,0,0,0,0,0,0,0,0,1,0,0
2017-05-16 12:00:00+00:00,24.0,100.0,18.66666667,12,0,0,0,0,0,0,0,0,0,0,0,0,1,0,0,0,0,0,0,0,0,0,0,0,0,0,1,0
2017-05-16 13:00:00+00:00,25.0,94.0,15.5,13,0,0,0,0,0,0,0,0,0,0,0,0,0,1,0,0,0,0,0,0,0,0,0,0,0,0,1,0
2017-05-16 14:00:00+00:00,26.0,94.0,14.16666667,14,0,0,0,0,0,0,0,0,0,0,0,0,0,0,1,0,0,0,0,0,0,0,0,0,0,0,1,0
2017-05-16 15:00:00+00:00,27.0,94.0,13.5,15,0,0,0,0,0,0,0,0,0,0,0,0,0,0,0,1,0,0,0,0,0,0,0,0,0,0,1,0
2017-05-16 16:00:00+00:00,26.0,94.0,14.0,16,0,0,0,0,0,0,0,0,0,0,0,0,0,0,0,0,1,0,0,0,0,0,0,0,0,0,1,0
2017-05-16 17:00:00+00:00,26.0,89.0,18.83333333,17,0,0,0,0,0,0,0,0,0,0,0,0,0,0,0,0,0,1,0,0,0,0,0,0,0,0,1,0
2017-05-16 18:00:00+00:00,25.0,94.0,25.33333333,18,0,0,0,0,0,0,0,0,0,0,0,0,0,0,0,0,0,0,1,0,0,0,0,0,0,0,0,1
2017-05-16 19:00:00+00:00,24.0,100.0,25.16666667,19,0,0,0,0,0,0,0,0,0,0,0,0,0,0,0,0,0,0,0,1,0,0,0,0,0,0,0,1
2017-05-16 20:00:00+00:00,24.0,100.0,26.83333333,20,0,0,0,0,0,0,0,0,0,0,0,0,0,0,0,0,0,0,0,0,1,0,0,0,0,0,0,1
2017-05-16 21:00:00+00:00,24.0,100.0,25.16666667,21,0,0,0,0,0,0,0,0,0,0,0,0,0,0,0,0,0,0,0,0,0,1,0,0,0,0,0,1
2017-05-16 22:00:00+00:00,23.0,100.0,20.33333333,22,0,0,0,0,0,0,0,0,0,0,0,0,0,0,0,0,0,0,0,0,0,0,1,0,0,0,0,1
2017-05-16 23:00:00+00:00,22.0,100.0,15.66666667,23,0,0,0,0,0,0,0,0,0,0,0,0,0,0,0,0,0,0,0,0,0,0,0,1,0,0,0,1
2017-05-17 00:00:00+00:00,22.0,100.0,13.83333333,0,1,0,0,0,0,0,0,0,0,0,0,0,0,0,0,0,0,0,0,0,0,0,0,0,1,0,0,0
2017-05-17 01:00:00+00:00,21.0,100.0,13.33333333,1,0,1,0,0,0,0,0,0,0,0,0,0,0,0,0,0,0,0,0,0,0,0,0,0,1,0,0,0
2017-05-17 02:00:00+00:00,21.0,100.0,12.5,2,0,0,1,0,0,0,0,0,0,0,0,0,0,0,0,0,0,0,0,0,0,0,0,0,1,0,0,0
2017-05-17 03:00:00+00:00,21.0,100.0,12.5,3,0,0,0,1,0,0,0,0,0,0,0,0,0,0,0,0,0,0,0,0,0,0,0,0,1,0,0,0
2017-05-17 04:00:00+00:00,20.0,100.0,12.16666667,4,0,0,0,0,1,0,0,0,0,0,0,0,0,0,0,0,0,0,0,0,0,0,0,0,1,0,0,0
2017-05-17 05:00:00+00:00,20.0,100.0,12.33333333,5,0,0,0,0,0,1,0,0,0,0,0,0,0,0,0,0,0,0,0,0,0,0,0,0,1,0,0,0
2017-05-17 06:00:00+00:00,20.0,100.0,13.83333333,6,0,0,0,0,0,0,1,0,0,0,0,0,0,0,0,0,0,0,0,0,0,0,0,0,0,1,0,0
2017-05-17 07:00:00+00:00,20.0,100.0,13.16666667,7,0,0,0,0,0,0,0,1,0,0,0,0,0,0,0,0,0,0,0,0,0,0,0,0,0,1,0,0
2017-05-17 08:00:00+00:00,20.0,100.0,13.16666667,8,0,0,0,0,0,0,0,0,1,0,0,0,0,0,0,0,0,0,0,0,0,0,0,0,0,1,0,0
2017-05-17 09:00:00+00:00,20.0,100.0,12.16666667,9,0,0,0,0,0,0,0,0,0,1,0,0,0,0,0,0,0,0,0,0,0,0,0,0,0,1,0,0
2017-05-17 10:00:00+00:00,21.0,100.0,3.5,10,0,0,0,0,0,0,0,0,0,0,1,0,0,0,0,0,0,0,0,0,0,0,0,0,0,1,0,0
2017-05-17 11:00:00+00:00,21.0,100.0,6.0,11,0,0,0,0,0,0,0,0,0,0,0,1,0,0,0,0,0,0,0,0,0,0,0,0,0,1,0,0
2017-05-17 12:00:00+00:00,21.0,100.0,15.0,12,0,0,0,0,0,0,0,0,0,0,0,0,1,0,0,0,0,0,0,0,0,0,0,0,0,0,1,0
2017-05-17 13:00:00+00:00,21.0,100.0,14.83333333,13,0,0,0,0,0,0,0,0,0,0,0,0,0,1,0,0,0,0,0,0,0,0,0,0,0,0,1,0
2017-05-17 14:00:00+00:00,21.0,100.0,16.83333333,14,0,0,0,0,0,0,0,0,0,0,0,0,0,0,1,0,0,0,0,0,0,0,0,0,0,0,1,0
2017-05-17 15:00:00+00:00,21.0,100.0,14.16666667,15,0,0,0,0,0,0,0,0,0,0,0,0,0,0,0,1,0,0,0,0,0,0,0,0,0,0,1,0
2017-05-17 16:00:00+00:00,21.0,100.0,15.66666667,16,0,0,0,0,0,0,0,0,0,0,0,0,0,0,0,0,1,0,0,0,0,0,0,0,0,0,1,0
2017-05-17 17:00:00+00:00,21.0,100.0,21.0,17,0,0,0,0,0,0,0,0,0,0,0,0,0,0,0,0,0,1,0,0,0,0,0,0,0,0,1,0
2017-05-17 18:00:00+00:00,21.0,100.0,28.33333333,18,0,0,0,0,0,0,0,0,0,0,0,0,0,0,0,0,0,0,1,0,0,0,0,0,0,0,0,1
2017-05-17 19:00:00+00:00,20.0,100.0,32.83333333,19,0,0,0,0,0,0,0,0,0,0,0,0,0,0,0,0,0,0,0,1,0,0,0,0,0,0,0,1
2017-05-17 20:00:00+00:00,20.0,100.0,33.5,20,0,0,0,0,0,0,0,0,0,0,0,0,0,0,0,0,0,0,0,0,1,0,0,0,0,0,0,1
2017-05-17 21:00:00+00:00,20.0,100.0,31.66666667,21,0,0,0,0,0,0,0,0,0,0,0,0,0,0,0,0,0,0,0,0,0,1,0,0,0,0,0,1
2017-05-17 22:00:00+00:00,20.0,100.0,27.0,22,0,0,0,0,0,0,0,0,0,0,0,0,0,0,0,0,0,0,0,0,0,0,1,0,0,0,0,1
2017-05-17 23:00:00+00:00,20.0,100.0,21.66666667,23,0,0,0,0,0,0,0,0,0,0,0,0,0,0,0,0,0,0,0,0,0,0,0,1,0,0,0,1
2017-05-18 00:00:00+00:00,21.0,100.0,19.0,0,1,0,0,0,0,0,0,0,0,0,0,0,0,0,0,0,0,0,0,0,0,0,0,0,1,0,0,0
2017-05-18 01:00:00+00:00,20.0,100.0,17.66666667,1,0,1,0,0,0,0,0,0,0,0,0,0,0,0,0,0,0,0,0,0,0,0,0,0,1,0,0,0
2017-05-18 02:00:00+00:00,20.0,100.0,17.33333333,2,0,0,1,0,0,0,0,0,0,0,0,0,0,0,0,0,0,0,0,0,0,0,0,0,1,0,0,0
2017-05-18 03:00:00+00:00,20.0,100.0,17.16666667,3,0,0,0,1,0,0,0,0,0,0,0,0,0,0,0,0,0,0,0,0,0,0,0,0,1,0,0,0
2017-05-18 04:00:00+00:00,20.0,100.0,17.0,4,0,0,0,0,1,0,0,0,0,0,0,0,0,0,0,0,0,0,0,0,0,0,0,0,1,0,0,0
2017-05-18 05:00:00+00:00,20.0,100.0,18.83333333,5,0,0,0,0,0,1,0,0,0,0,0,0,0,0,0,0,0,0,0,0,0,0,0,0,1,0,0,0
2017-05-18 06:00:00+00:00,20.0,100.0,23.0,6,0,0,0,0,0,0,1,0,0,0,0,0,0,0,0,0,0,0,0,0,0,0,0,0,0,1,0,0
2017-05-18 07:00:00+00:00,20.0,100.0,20.0,7,0,0,0,0,0,0,0,1,0,0,0,0,0,0,0,0,0,0,0,0,0,0,0,0,0,1,0,0
2017-05-18 08:00:00+00:00,25.0,65.0,17.16666667,8,0,0,0,0,0,0,0,0,1,0,0,0,0,0,0,0,0,0,0,0,0,0,0,0,0,1,0,0
2017-05-18 09:00:00+00:00,22.0,100.0,20.5,9,0,0,0,0,0,0,0,0,0,1,0,0,0,0,0,0,0,0,0,0,0,0,0,0,0,1,0,0
2017-05-18 10:00:00+00:00,22.0,94.0,19.16666667,10,0,0,0,0,0,0,0,0,0,0,1,0,0,0,0,0,0,0,0,0,0,0,0,0,0,1,0,0
2017-05-18 11:00:00+00:00,23.0,94.0,15.33333333,11,0,0,0,0,0,0,0,0,0,0,0,1,0,0,0,0,0,0,0,0,0,0,0,0,0,1,0,0
2017-05-18 12:00:00+00:00,25.0,83.0,19.16666667,12,0,0,0,0,0,0,0,0,0,0,0,0,1,0,0,0,0,0,0,0,0,0,0,0,0,0,1,0
2017-05-18 13:00:00+00:00,25.0,78.0,17.33333333,13,0,0,0,0,0,0,0,0,0,0,0,0,0,1,0,0,0,0,0,0,0,0,0,0,0,0,1,0
2017-05-18 14:00:00+00:00,27.0,74.0,17.33333333,14,0,0,0,0,0,0,0,0,0,0,0,0,0,0,1,0,0,0,0,0,0,0,0,0,0,0,1,0
2017-05-18 15:00:00+00:00,27.0,74.0,19.83333333,15,0,0,0,0,0,0,0,0,0,0,0,0,0,0,0,1,0,0,0,0,0,0,0,0,0,0,1,0
2017-05-18 16:00:00+00:00,28.0,74.0,23.5,16,0,0,0,0,0,0,0,0,0,0,0,0,0,0,0,0,1,0,0,0,0,0,0,0,0,0,1,0
2017-05-18 17:00:00+00:00,27.0,74.0,21.16666667,17,0,0,0,0,0,0,0,0,0,0,0,0,0,0,0,0,0,1,0,0,0,0,0,0,0,0,1,0
2017-05-18 18:00:00+00:00,26.0,78.0,24.83333333,18,0,0,0,0,0,0,0,0,0,0,0,0,0,0,0,0,0,0,1,0,0,0,0,0,0,0,0,1
2017-05-18 19:00:00+00:00,24.0,89.0,33.83333333,19,0,0,0,0,0,0,0,0,0,0,0,0,0,0,0,0,0,0,0,1,0,0,0,0,0,0,0,1
2017-05-18 20:00:00+00:00,23.0,94.0,32.16666667,20,0,0,0,0,0,0,0,0,0,0,0,0,0,0,0,0,0,0,0,0,1,0,0,0,0,0,0,1
2017-05-18 21:00:00+00:00,22.0,100.0,30.16666667,21,0,0,0,0,0,0,0,0,0,0,0,0,0,0,0,0,0,0,0,0,0,1,0,0,0,0,0,1
2017-05-18 22:00:00+00:00,22.0,94.0,27.66666667,22,0,0,0,0,0,0,0,0,0,0,0,0,0,0,0,0,0,0,0,0,0,0,1,0,0,0,0,1
2017-05-18 23:00:00+00:00,21.0,100.0,20.83333333,23,0,0,0,0,0,0,0,0,0,0,0,0,0,0,0,0,0,0,0,0,0,0,0,1,0,0,0,1
2017-05-19 00:00:00+00:00,21.0,100.0,18.33333333,0,1,0,0,0,0,0,0,0,0,0,0,0,0,0,0,0,0,0,0,0,0,0,0,0,1,0,0,0
2017-05-19 01:00:00+00:00,21.0,100.0,19.0,1,0,1,0,0,0,0,0,0,0,0,0,0,0,0,0,0,0,0,0,0,0,0,0,0,1,0,0,0
2017-05-19 02:00:00+00:00,21.0,100.0,18.5,2,0,0,1,0,0,0,0,0,0,0,0,0,0,0,0,0,0,0,0,0,0,0,0,0,1,0,0,0
2017-05-19 03:00:00+00:00,21.0,100.0,16.66666667,3,0,0,0,1,0,0,0,0,0,0,0,0,0,0,0,0,0,0,0,0,0,0,0,0,1,0,0,0
2017-05-19 04:00:00+00:00,20.0,100.0,16.83333333,4,0,0,0,0,1,0,0,0,0,0,0,0,0,0,0,0,0,0,0,0,0,0,0,0,1,0,0,0
2017-05-19 05:00:00+00:00,20.0,100.0,20.33333333,5,0,0,0,0,0,1,0,0,0,0,0,0,0,0,0,0,0,0,0,0,0,0,0,0,1,0,0,0
2017-05-19 06:00:00+00:00,25.0,65.0,18.83333333,6,0,0,0,0,0,0,1,0,0,0,0,0,0,0,0,0,0,0,0,0,0,0,0,0,0,1,0,0
2017-05-19 07:00:00+00:00,21.0,100.0,18.16666667,7,0,0,0,0,0,0,0,1,0,0,0,0,0,0,0,0,0,0,0,0,0,0,0,0,0,1,0,0
2017-05-19 08:00:00+00:00,23.0,94.0,19.0,8,0,0,0,0,0,0,0,0,1,0,0,0,0,0,0,0,0,0,0,0,0,0,0,0,0,1,0,0
2017-05-19 09:00:00+00:00,24.0,94.0,22.0,9,0,0,0,0,0,0,0,0,0,1,0,0,0,0,0,0,0,0,0,0,0,0,0,0,0,1,0,0
2017-05-19 10:00:00+00:00,25.0,83.0,22.5,10,0,0,0,0,0,0,0,0,0,0,1,0,0,0,0,0,0,0,0,0,0,0,0,0,0,1,0,0
2017-05-19 11:00:00+00:00,26.0,74.0,25.66666667,11,0,0,0,0,0,0,0,0,0,0,0,1,0,0,0,0,0,0,0,0,0,0,0,0,0,1,0,0
2017-05-19 12:00:00+00:00,27.0,74.0,19.83333333,12,0,0,0,0,0,0,0,0,0,0,0,0,1,0,0,0,0,0,0,0,0,0,0,0,0,0,1,0
2017-05-19 13:00:00+00:00,28.0,74.0,21.83333333,13,0,0,0,0,0,0,0,0,0,0,0,0,0,1,0,0,0,0,0,0,0,0,0,0,0,0,1,0
2017-05-19 14:00:00+00:00,29.0,70.0,21.66666667,14,0,0,0,0,0,0,0,0,0,0,0,0,0,0,1,0,0,0,0,0,0,0,0,0,0,0,1,0
2017-05-19 15:00:00+00:00,25.0,65.0,21.33333333,15,0,0,0,0,0,0,0,0,0,0,0,0,0,0,0,1,0,0,0,0,0,0,0,0,0,0,1,0
2017-05-19 16:00:00+00:00,31.0,66.0,20.83333333,16,0,0,0,0,0,0,0,0,0,0,0,0,0,0,0,0,1,0,0,0,0,0,0,0,0,0,1,0
2017-05-19 17:00:00+00:00,30.0,66.0,21.0,17,0,0,0,0,0,0,0,0,0,0,0,0,0,0,0,0,0,1,0,0,0,0,0,0,0,0,1,0
2017-05-19 18:00:00+00:00,30.0,66.0,25.5,18,0,0,0,0,0,0,0,0,0,0,0,0,0,0,0,0,0,0,1,0,0,0,0,0,0,0,0,1
2017-05-19 19:00:00+00:00,25.0,65.0,34.16666667,19,0,0,0,0,0,0,0,0,0,0,0,0,0,0,0,0,0,0,0,1,0,0,0,0,0,0,0,1
2017-05-19 20:00:00+00:00,28.0,79.0,36.33333333,20,0,0,0,0,0,0,0,0,0,0,0,0,0,0,0,0,0,0,0,0,1,0,0,0,0,0,0,1
2017-05-19 21:00:00+00:00,25.0,65.0,37.83333333,21,0,0,0,0,0,0,0,0,0,0,0,0,0,0,0,0,0,0,0,0,0,1,0,0,0,0,0,1
2017-05-19 22:00:00+00:00,25.0,100.0,33.0,22,0,0,0,0,0,0,0,0,0,0,0,0,0,0,0,0,0,0,0,0,0,0,1,0,0,0,0,1
2017-05-19 23:00:00+00:00,25.0,100.0,28.0,23,0,0,0,0,0,0,0,0,0,0,0,0,0,0,0,0,0,0,0,0,0,0,0,1,0,0,0,1
2017-05-20 00:00:00+00:00,25.0,65.0,24.5,0,1,0,0,0,0,0,0,0,0,0,0,0,0,0,0,0,0,0,0,0,0,0,0,0,1,0,0,0
2017-05-20 01:00:00+00:00,24.0,100.0,21.5,1,0,1,0,0,0,0,0,0,0,0,0,0,0,0,0,0,0,0,0,0,0,0,0,0,1,0,0,0
2017-05-20 02:00:00+00:00,23.0,100.0,20.16666667,2,0,0,1,0,0,0,0,0,0,0,0,0,0,0,0,0,0,0,0,0,0,0,0,0,1,0,0,0
2017-05-20 03:00:00+00:00,23.0,100.0,20.16666667,3,0,0,0,1,0,0,0,0,0,0,0,0,0,0,0,0,0,0,0,0,0,0,0,0,1,0,0,0
2017-05-20 04:00:00+00:00,23.0,100.0,20.16666667,4,0,0,0,0,1,0,0,0,0,0,0,0,0,0,0,0,0,0,0,0,0,0,0,0,1,0,0,0
2017-05-20 05:00:00+00:00,23.0,100.0,20.66666667,5,0,0,0,0,0,1,0,0,0,0,0,0,0,0,0,0,0,0,0,0,0,0,0,0,1,0,0,0
2017-05-20 06:00:00+00:00,23.0,100.0,18.66666667,6,0,0,0,0,0,0,1,0,0,0,0,0,0,0,0,0,0,0,0,0,0,0,0,0,0,1,0,0
2017-05-20 07:00:00+00:00,24.0,100.0,18.16666667,7,0,0,0,0,0,0,0,1,0,0,0,0,0,0,0,0,0,0,0,0,0,0,0,0,0,1,0,0
2017-05-20 08:00:00+00:00,27.0,89.0,20.33333333,8,0,0,0,0,0,0,0,0,1,0,0,0,0,0,0,0,0,0,0,0,0,0,0,0,0,1,0,0
2017-05-20 09:00:00+00:00,27.0,89.0,23.16666667,9,0,0,0,0,0,0,0,0,0,1,0,0,0,0,0,0,0,0,0,0,0,0,0,0,0,1,0,0
2017-05-20 10:00:00+00:00,29.0,79.0,27.5,10,0,0,0,0,0,0,0,0,0,0,1,0,0,0,0,0,0,0,0,0,0,0,0,0,0,1,0,0
2017-05-20 11:00:00+00:00,30.0,74.0,24.83333333,11,0,0,0,0,0,0,0,0,0,0,0,1,0,0,0,0,0,0,0,0,0,0,0,0,0,1,0,0
2017-05-20 12:00:00+00:00,32.0,70.0,22.83333333,12,0,0,0,0,0,0,0,0,0,0,0,0,1,0,0,0,0,0,0,0,0,0,0,0,0,0,1,0
2017-05-20 13:00:00+00:00,32.0,70.0,26.83333333,13,0,0,0,0,0,0,0,0,0,0,0,0,0,1,0,0,0,0,0,0,0,0,0,0,0,0,1,0
2017-05-20 14:00:00+00:00,33.0,63.0,26.33333333,14,0,0,0,0,0,0,0,0,0,0,0,0,0,0,1,0,0,0,0,0,0,0,0,0,0,0,1,0
2017-05-20 15:00:00+00:00,22.0,100.0,27.33333333,15,0,0,0,0,0,0,0,0,0,0,0,0,0,0,0,1,0,0,0,0,0,0,0,0,0,0,1,0
2017-05-20 16:00:00+00:00,23.0,100.0,33.83333333,16,0,0,0,0,0,0,0,0,0,0,0,0,0,0,0,0,1,0,0,0,0,0,0,0,0,0,1,0
2017-05-20 17:00:00+00:00,24.0,100.0,34.16666667,17,0,0,0,0,0,0,0,0,0,0,0,0,0,0,0,0,0,1,0,0,0,0,0,0,0,0,1,0
2017-05-20 18:00:00+00:00,24.0,100.0,31.0,18,0,0,0,0,0,0,0,0,0,0,0,0,0,0,0,0,0,0,1,0,0,0,0,0,0,0,0,1
2017-05-20 19:00:00+00:00,25.0,100.0,36.33333333,19,0,0,0,0,0,0,0,0,0,0,0,0,0,0,0,0,0,0,0,1,0,0,0,0,0,0,0,1
2017-05-20 20:00:00+00:00,25.0,100.0,37.0,20,0,0,0,0,0,0,0,0,0,0,0,0,0,0,0,0,0,0,0,0,1,0,0,0,0,0,0,1
2017-05-20 21:00:00+00:00,25.0,100.0,33.66666667,21,0,0,0,0,0,0,0,0,0,0,0,0,0,0,0,0,0,0,0,0,0,1,0,0,0,0,0,1
2017-05-20 22:00:00+00:00,24.0,100.0,29.5,22,0,0,0,0,0,0,0,0,0,0,0,0,0,0,0,0,0,0,0,0,0,0,1,0,0,0,0,1
2017-05-20 23:00:00+00:00,25.0,65.0,27.0,23,0,0,0,0,0,0,0,0,0,0,0,0,0,0,0,0,0,0,0,0,0,0,0,1,0,0,0,1
2017-05-21 00:00:00+00:00,25.0,65.0,22.83333333,0,1,0,0,0,0,0,0,0,0,0,0,0,0,0,0,0,0,0,0,0,0,0,0,0,1,0,0,0
2017-05-21 01:00:00+00:00,23.0,100.0,21.16666667,1,0,1,0,0,0,0,0,0,0,0,0,0,0,0,0,0,0,0,0,0,0,0,0,0,1,0,0,0
2017-05-21 02:00:00+00:00,25.0,65.0,21.5,2,0,0,1,0,0,0,0,0,0,0,0,0,0,0,0,0,0,0,0,0,0,0,0,0,1,0,0,0
2017-05-21 03:00:00+00:00,25.0,65.0,21.66666667,3,0,0,0,1,0,0,0,0,0,0,0,0,0,0,0,0,0,0,0,0,0,0,0,0,1,0,0,0
2017-05-21 04:00:00+00:00,25.0,65.0,20.83333333,4,0,0,0,0,1,0,0,0,0,0,0,0,0,0,0,0,0,0,0,0,0,0,0,0,1,0,0,0
2017-05-21 05:00:00+00:00,23.0,100.0,20.66666667,5,0,0,0,0,0,1,0,0,0,0,0,0,0,0,0,0,0,0,0,0,0,0,0,0,1,0,0,0
2017-05-21 06:00:00+00:00,23.0,100.0,19.66666667,6,0,0,0,0,0,0,1,0,0,0,0,0,0,0,0,0,0,0,0,0,0,0,0,0,0,1,0,0
2017-05-21 07:00:00+00:00,24.0,100.0,16.66666667,7,0,0,0,0,0,0,0,1,0,0,0,0,0,0,0,0,0,0,0,0,0,0,0,0,0,1,0,0
2017-05-21 08:00:00+00:00,25.0,100.0,21.0,8,0,0,0,0,0,0,0,0,1,0,0,0,0,0,0,0,0,0,0,0,0,0,0,0,0,1,0,0
2017-05-21 09:00:00+00:00,25.0,100.0,24.83333333,9,0,0,0,0,0,0,0,0,0,1,0,0,0,0,0,0,0,0,0,0,0,0,0,0,0,1,0,0
2017-05-21 10:00:00+00:00,28.0,89.0,25.66666667,10,0,0,0,0,0,0,0,0,0,0,1,0,0,0,0,0,0,0,0,0,0,0,0,0,0,1,0,0
2017-05-21 11:00:00+00:00,30.0,79.0,27.83333333,11,0,0,0,0,0,0,0,0,0,0,0,1,0,0,0,0,0,0,0,0,0,0,0,0,0,1,0,0
2017-05-21 12:00:00+00:00,31.0,75.0,26.0,12,0,0,0,0,0,0,0,0,0,0,0,0,1,0,0,0,0,0,0,0,0,0,0,0,0,0,1,0
2017-05-21 13:00:00+00:00,33.0,71.0,28.16666667,13,0,0,0,0,0,0,0,0,0,0,0,0,0,1,0,0,0,0,0,0,0,0,0,0,0,0,1,0
2017-05-21 14:00:00+00:00,33.0,59.0,29.83333333,14,0,0,0,0,0,0,0,0,0,0,0,0,0,0,1,0,0,0,0,0,0,0,0,0,0,0,1,0
2017-05-21 15:00:00+00:00,34.0,63.0,26.66666667,15,0,0,0,0,0,0,0,0,0,0,0,0,0,0,0,1,0,0,0,0,0,0,0,0,0,0,1,0
2017-05-21 16:00:00+00:00,34.0,59.0,27.0,16,0,0,0,0,0,0,0,0,0,0,0,0,0,0,0,0,1,0,0,0,0,0,0,0,0,0,1,0
2017-05-21 17:00:00+00:00,34.0,59.0,30.0,17,0,0,0,0,0,0,0,0,0,0,0,0,0,0,0,0,0,1,0,0,0,0,0,0,0,0,1,0
2017-05-21 18:00:00+00:00,29.0,74.0,38.83333333,18,0,0,0,0,0,0,0,0,0,0,0,0,0,0,0,0,0,0,1,0,0,0,0,0,0,0,0,1
2017-05-21 19:00:00+00:00,28.0,79.0,42.0,19,0,0,0,0,0,0,0,0,0,0,0,0,0,0,0,0,0,0,0,1,0,0,0,0,0,0,0,1
2017-05-21 20:00:00+00:00,28.0,79.0,45.33333333,20,0,0,0,0,0,0,0,0,0,0,0,0,0,0,0,0,0,0,0,0,1,0,0,0,0,0,0,1
2017-05-21 21:00:00+00:00,27.0,89.0,43.5,21,0,0,0,0,0,0,0,0,0,0,0,0,0,0,0,0,0,0,0,0,0,1,0,0,0,0,0,1
2017-05-21 22:00:00+00:00,27.0,89.0,39.83333333,22,0,0,0,0,0,0,0,0,0,0,0,0,0,0,0,0,0,0,0,0,0,0,1,0,0,0,0,1
2017-05-21 23:00:00+00:00,26.0,94.0,33.66666667,23,0,0,0,0,0,0,0,0,0,0,0,0,0,0,0,0,0,0,0,0,0,0,0,1,0,0,0,1
2017-05-22 00:00:00+00:00,26.0,94.0,28.5,0,1,0,0,0,0,0,0,0,0,0,0,0,0,0,0,0,0,0,0,0,0,0,0,0,1,0,0,0
2017-05-22 01:00:00+00:00,26.0,94.0,26.83333333,1,0,1,0,0,0,0,0,0,0,0,0,0,0,0,0,0,0,0,0,0,0,0,0,0,1,0,0,0
2017-05-22 02:00:00+00:00,25.0,94.0,26.16666667,2,0,0,1,0,0,0,0,0,0,0,0,0,0,0,0,0,0,0,0,0,0,0,0,0,1,0,0,0
2017-05-22 03:00:00+00:00,26.0,89.0,25.16666667,3,0,0,0,1,0,0,0,0,0,0,0,0,0,0,0,0,0,0,0,0,0,0,0,0,1,0,0,0
2017-05-22 04:00:00+00:00,25.0,94.0,23.33333333,4,0,0,0,0,1,0,0,0,0,0,0,0,0,0,0,0,0,0,0,0,0,0,0,0,1,0,0,0
2017-05-22 05:00:00+00:00,25.0,100.0,24.0,5,0,0,0,0,0,1,0,0,0,0,0,0,0,0,0,0,0,0,0,0,0,0,0,0,1,0,0,0
2017-05-22 06:00:00+00:00,23.0,100.0,19.83333333,6,0,0,0,0,0,0,1,0,0,0,0,0,0,0,0,0,0,0,0,0,0,0,0,0,0,1,0,0
2017-05-22 07:00:00+00:00,26.0,89.0,20.5,7,0,0,0,0,0,0,0,1,0,0,0,0,0,0,0,0,0,0,0,0,0,0,0,0,0,1,0,0
2017-05-22 08:00:00+00:00,27.0,89.0,23.66666667,8,0,0,0,0,0,0,0,0,1,0,0,0,0,0,0,0,0,0,0,0,0,0,0,0,0,1,0,0
2017-05-22 09:00:00+00:00,30.0,70.0,24.16666667,9,0,0,0,0,0,0,0,0,0,1,0,0,0,0,0,0,0,0,0,0,0,0,0,0,0,1,0,0
2017-05-22 10:00:00+00:00,32.0,66.0,26.0,10,0,0,0,0,0,0,0,0,0,0,1,0,0,0,0,0,0,0,0,0,0,0,0,0,0,1,0,0
2017-05-22 11:00:00+00:00,33.0,63.0,22.33333333,11,0,0,0,0,0,0,0,0,0,0,0,1,0,0,0,0,0,0,0,0,0,0,0,0,0,1,0,0
2017-05-22 12:00:00+00:00,34.0,63.0,23.83333333,12,0,0,0,0,0,0,0,0,0,0,0,0,1,0,0,0,0,0,0,0,0,0,0,0,0,0,1,0
2017-05-22 13:00:00+00:00,35.0,59.0,26.16666667,13,0,0,0,0,0,0,0,0,0,0,0,0,0,1,0,0,0,0,0,0,0,0,0,0,0,0,1,0
2017-05-22 14:00:00+00:00,35.0,53.0,26.83333333,14,0,0,0,0,0,0,0,0,0,0,0,0,0,0,1,0,0,0,0,0,0,0,0,0,0,0,1,0
2017-05-22 15:00:00+00:00,35.0,56.0,24.66666667,15,0,0,0,0,0,0,0,0,0,0,0,0,0,0,0,1,0,0,0,0,0,0,0,0,0,0,1,0
2017-05-22 16:00:00+00:00,36.0,50.0,24.83333333,16,0,0,0,0,0,0,0,0,0,0,0,0,0,0,0,0,1,0,0,0,0,0,0,0,0,0,1,0
2017-05-22 17:00:00+00:00,36.0,53.0,25.5,17,0,0,0,0,0,0,0,0,0,0,0,0,0,0,0,0,0,1,0,0,0,0,0,0,0,0,1,0
2017-05-22 18:00:00+00:00,34.0,59.0,34.0,18,0,0,0,0,0,0,0,0,0,0,0,0,0,0,0,0,0,0,1,0,0,0,0,0,0,0,0,1
2017-05-22 19:00:00+00:00,31.0,75.0,43.83333333,19,0,0,0,0,0,0,0,0,0,0,0,0,0,0,0,0,0,0,0,1,0,0,0,0,0,0,0,1
2017-05-22 20:00:00+00:00,30.0,74.0,48.0,20,0,0,0,0,0,0,0,0,0,0,0,0,0,0,0,0,0,0,0,0,1,0,0,0,0,0,0,1
2017-05-22 21:00:00+00:00,29.0,79.0,50.83333333,21,0,0,0,0,0,0,0,0,0,0,0,0,0,0,0,0,0,0,0,0,0,1,0,0,0,0,0,1
2017-05-22 22:00:00+00:00,29.0,84.0,45.16666667,22,0,0,0,0,0,0,0,0,0,0,0,0,0,0,0,0,0,0,0,0,0,0,1,0,0,0,0,1
2017-05-22 23:00:00+00:00,25.0,65.0,39.33333333,23,0,0,0,0,0,0,0,0,0,0,0,0,0,0,0,0,0,0,0,0,0,0,0,1,0,0,0,1
2017-05-23 00:00:00+00:00,27.0,89.0,37.0,0,1,0,0,0,0,0,0,0,0,0,0,0,0,0,0,0,0,0,0,0,0,0,0,0,1,0,0,0
2017-05-23 01:00:00+00:00,27.0,84.0,32.66666667,1,0,1,0,0,0,0,0,0,0,0,0,0,0,0,0,0,0,0,0,0,0,0,0,0,1,0,0,0
2017-05-23 02:00:00+00:00,25.0,65.0,31.0,2,0,0,1,0,0,0,0,0,0,0,0,0,0,0,0,0,0,0,0,0,0,0,0,0,1,0,0,0
2017-05-23 03:00:00+00:00,25.0,65.0,28.83333333,3,0,0,0,1,0,0,0,0,0,0,0,0,0,0,0,0,0,0,0,0,0,0,0,0,1,0,0,0
2017-05-23 04:00:00+00:00,25.0,89.0,28.16666667,4,0,0,0,0,1,0,0,0,0,0,0,0,0,0,0,0,0,0,0,0,0,0,0,0,1,0,0,0
2017-05-23 05:00:00+00:00,24.0,100.0,28.16666667,5,0,0,0,0,0,1,0,0,0,0,0,0,0,0,0,0,0,0,0,0,0,0,0,0,1,0,0,0
2017-05-23 06:00:00+00:00,25.0,65.0,22.66666667,6,0,0,0,0,0,0,1,0,0,0,0,0,0,0,0,0,0,0,0,0,0,0,0,0,0,1,0,0
2017-05-23 07:00:00+00:00,26.0,94.0,20.83333333,7,0,0,0,0,0,0,0,1,0,0,0,0,0,0,0,0,0,0,0,0,0,0,0,0,0,1,0,0
2017-05-23 08:00:00+00:00,29.0,79.0,23.5,8,0,0,0,0,0,0,0,0,1,0,0,0,0,0,0,0,0,0,0,0,0,0,0,0,0,1,0,0
2017-05-23 09:00:00+00:00,25.0,65.0,27.66666667,9,0,0,0,0,0,0,0,0,0,1,0,0,0,0,0,0,0,0,0,0,0,0,0,0,0,1,0,0
2017-05-23 10:00:00+00:00,31.0,70.0,28.66666667,10,0,0,0,0,0,0,0,0,0,0,1,0,0,0,0,0,0,0,0,0,0,0,0,0,0,1,0,0
2017-05-23 11:00:00+00:00,25.0,65.0,30.16666667,11,0,0,0,0,0,0,0,0,0,0,0,1,0,0,0,0,0,0,0,0,0,0,0,0,0,1,0,0
2017-05-23 12:00:00+00:00,34.0,59.0,31.66666667,12,0,0,0,0,0,0,0,0,0,0,0,0,1,0,0,0,0,0,0,0,0,0,0,0,0,0,1,0
2017-05-23 13:00:00+00:00,35.0,56.0,31.0,13,0,0,0,0,0,0,0,0,0,0,0,0,0,1,0,0,0,0,0,0,0,0,0,0,0,0,1,0
2017-05-23 14:00:00+00:00,25.0,65.0,31.66666667,14,0,0,0,0,0,0,0,0,0,0,0,0,0,0,1,0,0,0,0,0,0,0,0,0,0,0,1,0
2017-05-23 15:00:00+00:00,25.0,65.0,29.33333333,15,0,0,0,0,0,0,0,0,0,0,0,0,0,0,0,1,0,0,0,0,0,0,0,0,0,0,1,0
2017-05-23 16:00:00+00:00,25.0,65.0,32.0,16,0,0,0,0,0,0,0,0,0,0,0,0,0,0,0,0,1,0,0,0,0,0,0,0,0,0,1,0
2017-05-23 17:00:00+00:00,35.0,56.0,30.16666667,17,0,0,0,0,0,0,0,0,0,0,0,0,0,0,0,0,0,1,0,0,0,0,0,0,0,0,1,0
2017-05-23 18:00:00+00:00,25.0,65.0,31.16666667,18,0,0,0,0,0,0,0,0,0,0,0,0,0,0,0,0,0,0,1,0,0,0,0,0,0,0,0,1
2017-05-23 19:00:00+00:00,32.0,70.0,43.0,19,0,0,0,0,0,0,0,0,0,0,0,0,0,0,0,0,0,0,0,1,0,0,0,0,0,0,0,1
2017-05-23 20:00:00+00:00,30.0,79.0,53.5,20,0,0,0,0,0,0,0,0,0,0,0,0,0,0,0,0,0,0,0,0,1,0,0,0,0,0,0,1
2017-05-23 21:00:00+00:00,25.0,65.0,53.5,21,0,0,0,0,0,0,0,0,0,0,0,0,0,0,0,0,0,0,0,0,0,1,0,0,0,0,0,1
2017-05-23 22:00:00+00:00,25.0,65.0,46.33333333,22,0,0,0,0,0,0,0,0,0,0,0,0,0,0,0,0,0,0,0,0,0,0,1,0,0,0,0,1
2017-05-23 23:00:00+00:00,25.0,65.0,41.16666667,23,0,0,0,0,0,0,0,0,0,0,0,0,0,0,0,0,0,0,0,0,0,0,0,1,0,0,0,1
2017-05-24 00:00:00+00:00,25.0,65.0,35.5,0,1,0,0,0,0,0,0,0,0,0,0,0,0,0,0,0,0,0,0,0,0,0,0,0,1,0,0,0
2017-05-24 01:00:00+00:00,28.0,89.0,33.33333333,1,0,1,0,0,0,0,0,0,0,0,0,0,0,0,0,0,0,0,0,0,0,0,0,0,1,0,0,0
2017-05-24 02:00:00+00:00,25.0,65.0,31.5,2,0,0,1,0,0,0,0,0,0,0,0,0,0,0,0,0,0,0,0,0,0,0,0,0,1,0,0,0
2017-05-24 03:00:00+00:00,25.0,65.0,30.16666667,3,0,0,0,1,0,0,0,0,0,0,0,0,0,0,0,0,0,0,0,0,0,0,0,0,1,0,0,0
2017-05-24 04:00:00+00:00,25.0,65.0,28.33333333,4,0,0,0,0,1,0,0,0,0,0,0,0,0,0,0,0,0,0,0,0,0,0,0,0,1,0,0,0
2017-05-24 05:00:00+00:00,25.0,65.0,29.83333333,5,0,0,0,0,0,1,0,0,0,0,0,0,0,0,0,0,0,0,0,0,0,0,0,0,1,0,0,0
2017-05-24 06:00:00+00:00,26.0,100.0,25.66666667,6,0,0,0,0,0,0,1,0,0,0,0,0,0,0,0,0,0,0,0,0,0,0,0,0,0,1,0,0
2017-05-24 07:00:00+00:00,27.0,100.0,19.5,7,0,0,0,0,0,0,0,1,0,0,0,0,0,0,0,0,0,0,0,0,0,0,0,0,0,1,0,0
2017-05-24 08:00:00+00:00,29.0,89.0,24.5,8,0,0,0,0,0,0,0,0,1,0,0,0,0,0,0,0,0,0,0,0,0,0,0,0,0,1,0,0
2017-05-24 09:00:00+00:00,30.0,84.0,24.16666667,9,0,0,0,0,0,0,0,0,0,1,0,0,0,0,0,0,0,0,0,0,0,0,0,0,0,1,0,0
2017-05-24 10:00:00+00:00,30.0,84.0,22.16666667,10,0,0,0,0,0,0,0,0,0,0,1,0,0,0,0,0,0,0,0,0,0,0,0,0,0,1,0,0
2017-05-24 11:00:00+00:00,31.0,84.0,21.0,11,0,0,0,0,0,0,0,0,0,0,0,1,0,0,0,0,0,0,0,0,0,0,0,0,0,1,0,0
2017-05-24 12:00:00+00:00,31.0,79.0,20.83333333,12,0,0,0,0,0,0,0,0,0,0,0,0,1,0,0,0,0,0,0,0,0,0,0,0,0,0,1,0
2017-05-24 13:00:00+00:00,25.0,65.0,20.33333333,13,0,0,0,0,0,0,0,0,0,0,0,0,0,1,0,0,0,0,0,0,0,0,0,0,0,0,1,0
2017-05-24 14:00:00+00:00,26.0,78.0,23.33333333,14,0,0,0,0,0,0,0,0,0,0,0,0,0,0,1,0,0,0,0,0,0,0,0,0,0,0,1,0
2017-05-24 15:00:00+00:00,25.0,89.0,22.66666667,15,0,0,0,0,0,0,0,0,0,0,0,0,0,0,0,1,0,0,0,0,0,0,0,0,0,0,1,0
2017-05-24 16:00:00+00:00,25.0,89.0,23.33333333,16,0,0,0,0,0,0,0,0,0,0,0,0,0,0,0,0,1,0,0,0,0,0,0,0,0,0,1,0
2017-05-24 17:00:00+00:00,26.0,83.0,25.0,17,0,0,0,0,0,0,0,0,0,0,0,0,0,0,0,0,0,1,0,0,0,0,0,0,0,0,1,0
2017-05-24 18:00:00+00:00,26.0,83.0,26.33333333,18,0,0,0,0,0,0,0,0,0,0,0,0,0,0,0,0,0,0,1,0,0,0,0,0,0,0,0,1
2017-05-24 19:00:00+00:00,25.0,65.0,36.66666667,19,0,0,0,0,0,0,0,0,0,0,0,0,0,0,0,0,0,0,0,1,0,0,0,0,0,0,0,1
2017-05-24 20:00:00+00:00,24.0,94.0,40.66666667,20,0,0,0,0,0,0,0,0,0,0,0,0,0,0,0,0,0,0,0,0,1,0,0,0,0,0,0,1
2017-05-24 21:00:00+00:00,24.0,100.0,41.16666667,21,0,0,0,0,0,0,0,0,0,0,0,0,0,0,0,0,0,0,0,0,0,1,0,0,0,0,0,1
2017-05-24 22:00:00+00:00,25.0,94.0,38.5,22,0,0,0,0,0,0,0,0,0,0,0,0,0,0,0,0,0,0,0,0,0,0,1,0,0,0,0,1
2017-05-24 23:00:00+00:00,25.0,65.0,31.16666667,23,0,0,0,0,0,0,0,0,0,0,0,0,0,0,0,0,0,0,0,0,0,0,0,1,0,0,0,1
2017-05-25 00:00:00+00:00,25.0,65.0,26.33333333,0,1,0,0,0,0,0,0,0,0,0,0,0,0,0,0,0,0,0,0,0,0,0,0,0,1,0,0,0
2017-05-25 01:00:00+00:00,25.0,65.0,25.66666667,1,0,1,0,0,0,0,0,0,0,0,0,0,0,0,0,0,0,0,0,0,0,0,0,0,1,0,0,0
2017-05-25 02:00:00+00:00,25.0,65.0,25.0,2,0,0,1,0,0,0,0,0,0,0,0,0,0,0,0,0,0,0,0,0,0,0,0,0,1,0,0,0
2017-05-25 03:00:00+00:00,25.0,65.0,23.5,3,0,0,0,1,0,0,0,0,0,0,0,0,0,0,0,0,0,0,0,0,0,0,0,0,1,0,0,0
2017-05-25 04:00:00+00:00,23.0,100.0,22.83333333,4,0,0,0,0,1,0,0,0,0,0,0,0,0,0,0,0,0,0,0,0,0,0,0,0,1,0,0,0
2017-05-25 05:00:00+00:00,23.0,100.0,24.16666667,5,0,0,0,0,0,1,0,0,0,0,0,0,0,0,0,0,0,0,0,0,0,0,0,0,1,0,0,0
2017-05-25 06:00:00+00:00,23.0,100.0,21.33333333,6,0,0,0,0,0,0,1,0,0,0,0,0,0,0,0,0,0,0,0,0,0,0,0,0,0,1,0,0
2017-05-25 07:00:00+00:00,25.0,65.0,21.66666667,7,0,0,0,0,0,0,0,1,0,0,0,0,0,0,0,0,0,0,0,0,0,0,0,0,0,1,0,0
2017-05-25 08:00:00+00:00,25.0,94.0,20.66666667,8,0,0,0,0,0,0,0,0,1,0,0,0,0,0,0,0,0,0,0,0,0,0,0,0,0,1,0,0
2017-05-25 09:00:00+00:00,27.0,89.0,26.5,9,0,0,0,0,0,0,0,0,0,1,0,0,0,0,0,0,0,0,0,0,0,0,0,0,0,1,0,0
2017-05-25 10:00:00+00:00,27.0,89.0,26.5,10,0,0,0,0,0,0,0,0,0,0,1,0,0,0,0,0,0,0,0,0,0,0,0,0,0,1,0,0
2017-05-25 11:00:00+00:00,28.0,84.0,28.5,11,0,0,0,0,0,0,0,0,0,0,0,1,0,0,0,0,0,0,0,0,0,0,0,0,0,1,0,0
2017-05-25 12:00:00+00:00,29.0,79.0,26.5,12,0,0,0,0,0,0,0,0,0,0,0,0,1,0,0,0,0,0,0,0,0,0,0,0,0,0,1,0
2017-05-25 13:00:00+00:00,30.0,74.0,23.5,13,0,0,0,0,0,0,0,0,0,0,0,0,0,1,0,0,0,0,0,0,0,0,0,0,0,0,1,0
2017-05-25 14:00:00+00:00,31.0,75.0,26.66666667,14,0,0,0,0,0,0,0,0,0,0,0,0,0,0,1,0,0,0,0,0,0,0,0,0,0,0,1,0
2017-05-25 15:00:00+00:00,31.0,70.0,26.83333333,15,0,0,0,0,0,0,0,0,0,0,0,0,0,0,0,1,0,0,0,0,0,0,0,0,0,0,1,0
2017-05-25 16:00:00+00:00,32.0,70.0,36.33333333,16,0,0,0,0,0,0,0,0,0,0,0,0,0,0,0,0,1,0,0,0,0,0,0,0,0,0,1,0
2017-05-25 17:00:00+00:00,32.0,66.0,30.83333333,17,0,0,0,0,0,0,0,0,0,0,0,0,0,0,0,0,0,1,0,0,0,0,0,0,0,0,1,0
2017-05-25 18:00:00+00:00,31.0,70.0,29.33333333,18,0,0,0,0,0,0,0,0,0,0,0,0,0,0,0,0,0,0,1,0,0,0,0,0,0,0,0,1
2017-05-25 19:00:00+00:00,29.0,79.0,43.0,19,0,0,0,0,0,0,0,0,0,0,0,0,0,0,0,0,0,0,0,1,0,0,0,0,0,0,0,1
2017-05-25 20:00:00+00:00,28.0,89.0,44.5,20,0,0,0,0,0,0,0,0,0,0,0,0,0,0,0,0,0,0,0,0,1,0,0,0,0,0,0,1
2017-05-25 21:00:00+00:00,27.0,94.0,46.83333333,21,0,0,0,0,0,0,0,0,0,0,0,0,0,0,0,0,0,0,0,0,0,1,0,0,0,0,0,1
2017-05-25 22:00:00+00:00,26.0,100.0,41.0,22,0,0,0,0,0,0,0,0,0,0,0,0,0,0,0,0,0,0,0,0,0,0,1,0,0,0,0,1
2017-05-25 23:00:00+00:00,25.0,65.0,34.66666667,23,0,0,0,0,0,0,0,0,0,0,0,0,0,0,0,0,0,0,0,0,0,0,0,1,0,0,0,1
2017-05-26 00:00:00+00:00,25.0,65.0,28.83333333,0,1,0,0,0,0,0,0,0,0,0,0,0,0,0,0,0,0,0,0,0,0,0,0,0,1,0,0,0
2017-05-26 01:00:00+00:00,26.0,100.0,23.83333333,1,0,1,0,0,0,0,0,0,0,0,0,0,0,0,0,0,0,0,0,0,0,0,0,0,1,0,0,0
2017-05-26 02:00:00+00:00,22.0,100.0,23.0,2,0,0,1,0,0,0,0,0,0,0,0,0,0,0,0,0,0,0,0,0,0,0,0,0,1,0,0,0
2017-05-26 03:00:00+00:00,21.0,100.0,21.66666667,3,0,0,0,1,0,0,0,0,0,0,0,0,0,0,0,0,0,0,0,0,0,0,0,0,1,0,0,0
2017-05-26 04:00:00+00:00,22.0,100.0,21.16666667,4,0,0,0,0,1,0,0,0,0,0,0,0,0,0,0,0,0,0,0,0,0,0,0,0,1,0,0,0
2017-05-26 05:00:00+00:00,21.0,100.0,22.33333333,5,0,0,0,0,0,1,0,0,0,0,0,0,0,0,0,0,0,0,0,0,0,0,0,0,1,0,0,0
2017-05-26 06:00:00+00:00,21.0,100.0,25.66666667,6,0,0,0,0,0,0,1,0,0,0,0,0,0,0,0,0,0,0,0,0,0,0,0,0,0,1,0,0
2017-05-26 07:00:00+00:00,21.0,100.0,19.16666667,7,0,0,0,0,0,0,0,1,0,0,0,0,0,0,0,0,0,0,0,0,0,0,0,0,0,1,0,0
2017-05-26 08:00:00+00:00,22.0,100.0,18.83333333,8,0,0,0,0,0,0,0,0,1,0,0,0,0,0,0,0,0,0,0,0,0,0,0,0,0,1,0,0
2017-05-26 09:00:00+00:00,22.0,100.0,27.16666667,9,0,0,0,0,0,0,0,0,0,1,0,0,0,0,0,0,0,0,0,0,0,0,0,0,0,1,0,0
2017-05-26 10:00:00+00:00,23.0,100.0,31.0,10,0,0,0,0,0,0,0,0,0,0,1,0,0,0,0,0,0,0,0,0,0,0,0,0,0,1,0,0
2017-05-26 11:00:00+00:00,23.0,100.0,35.0,11,0,0,0,0,0,0,0,0,0,0,0,1,0,0,0,0,0,0,0,0,0,0,0,0,0,1,0,0
2017-05-26 12:00:00+00:00,25.0,94.0,32.5,12,0,0,0,0,0,0,0,0,0,0,0,0,1,0,0,0,0,0,0,0,0,0,0,0,0,0,1,0
2017-05-26 13:00:00+00:00,27.0,89.0,28.5,13,0,0,0,0,0,0,0,0,0,0,0,0,0,1,0,0,0,0,0,0,0,0,0,0,0,0,1,0
2017-05-26 14:00:00+00:00,29.0,79.0,33.33333333,14,0,0,0,0,0,0,0,0,0,0,0,0,0,0,1,0,0,0,0,0,0,0,0,0,0,0,1,0
2017-05-26 15:00:00+00:00,28.0,84.0,32.33333333,15,0,0,0,0,0,0,0,0,0,0,0,0,0,0,0,1,0,0,0,0,0,0,0,0,0,0,1,0
2017-05-26 16:00:00+00:00,30.0,74.0,33.5,16,0,0,0,0,0,0,0,0,0,0,0,0,0,0,0,0,1,0,0,0,0,0,0,0,0,0,1,0
2017-05-26 17:00:00+00:00,30.0,74.0,34.5,17,0,0,0,0,0,0,0,0,0,0,0,0,0,0,0,0,0,1,0,0,0,0,0,0,0,0,1,0
2017-05-26 18:00:00+00:00,28.0,84.0,38.33333333,18,0,0,0,0,0,0,0,0,0,0,0,0,0,0,0,0,0,0,1,0,0,0,0,0,0,0,0,1
2017-05-26 19:00:00+00:00,25.0,100.0,42.16666667,19,0,0,0,0,0,0,0,0,0,0,0,0,0,0,0,0,0,0,0,1,0,0,0,0,0,0,0,1
2017-05-26 20:00:00+00:00,25.0,100.0,40.16666667,20,0,0,0,0,0,0,0,0,0,0,0,0,0,0,0,0,0,0,0,0,1,0,0,0,0,0,0,1
2017-05-26 21:00:00+00:00,25.0,100.0,41.16666667,21,0,0,0,0,0,0,0,0,0,0,0,0,0,0,0,0,0,0,0,0,0,1,0,0,0,0,0,1
2017-05-26 22:00:00+00:00,25.0,100.0,34.83333333,22,0,0,0,0,0,0,0,0,0,0,0,0,0,0,0,0,0,0,0,0,0,0,1,0,0,0,0,1
2017-05-26 23:00:00+00:00,25.0,100.0,30.83333333,23,0,0,0,0,0,0,0,0,0,0,0,0,0,0,0,0,0,0,0,0,0,0,0,1,0,0,0,1
2017-05-27 00:00:00+00:00,25.0,100.0,26.83333333,0,1,0,0,0,0,0,0,0,0,0,0,0,0,0,0,0,0,0,0,0,0,0,0,0,1,0,0,0
2017-05-27 01:00:00+00:00,25.0,100.0,23.66666667,1,0,1,0,0,0,0,0,0,0,0,0,0,0,0,0,0,0,0,0,0,0,0,0,0,1,0,0,0
2017-05-27 02:00:00+00:00,25.0,65.0,23.33333333,2,0,0,1,0,0,0,0,0,0,0,0,0,0,0,0,0,0,0,0,0,0,0,0,0,1,0,0,0
2017-05-27 03:00:00+00:00,25.0,65.0,23.0,3,0,0,0,1,0,0,0,0,0,0,0,0,0,0,0,0,0,0,0,0,0,0,0,0,1,0,0,0
2017-05-27 04:00:00+00:00,22.0,100.0,21.66666667,4,0,0,0,0,1,0,0,0,0,0,0,0,0,0,0,0,0,0,0,0,0,0,0,0,1,0,0,0
2017-05-27 05:00:00+00:00,23.0,100.0,21.0,5,0,0,0,0,0,1,0,0,0,0,0,0,0,0,0,0,0,0,0,0,0,0,0,0,1,0,0,0
2017-05-27 06:00:00+00:00,23.0,100.0,19.66666667,6,0,0,0,0,0,0,1,0,0,0,0,0,0,0,0,0,0,0,0,0,0,0,0,0,0,1,0,0
2017-05-27 07:00:00+00:00,24.0,94.0,24.33333333,7,0,0,0,0,0,0,0,1,0,0,0,0,0,0,0,0,0,0,0,0,0,0,0,0,0,1,0,0
2017-05-27 08:00:00+00:00,24.0,100.0,29.83333333,8,0,0,0,0,0,0,0,0,1,0,0,0,0,0,0,0,0,0,0,0,0,0,0,0,0,1,0,0
2017-05-27 09:00:00+00:00,24.0,100.0,30.5,9,0,0,0,0,0,0,0,0,0,1,0,0,0,0,0,0,0,0,0,0,0,0,0,0,0,1,0,0
2017-05-27 10:00:00+00:00,26.0,89.0,31.66666667,10,0,0,0,0,0,0,0,0,0,0,1,0,0,0,0,0,0,0,0,0,0,0,0,0,0,1,0,0
2017-05-27 11:00:00+00:00,26.0,89.0,37.16666667,11,0,0,0,0,0,0,0,0,0,0,0,1,0,0,0,0,0,0,0,0,0,0,0,0,0,1,0,0
2017-05-27 12:00:00+00:00,28.0,79.0,33.33333333,12,0,0,0,0,0,0,0,0,0,0,0,0,1,0,0,0,0,0,0,0,0,0,0,0,0,0,1,0
2017-05-27 13:00:00+00:00,30.0,66.0,34.33333333,13,0,0,0,0,0,0,0,0,0,0,0,0,0,1,0,0,0,0,0,0,0,0,0,0,0,0,1,0
2017-05-27 14:00:00+00:00,31.0,62.0,35.16666667,14,0,0,0,0,0,0,0,0,0,0,0,0,0,0,1,0,0,0,0,0,0,0,0,0,0,0,1,0
2017-05-27 15:00:00+00:00,31.0,66.0,38.0,15,0,0,0,0,0,0,0,0,0,0,0,0,0,0,0,1,0,0,0,0,0,0,0,0,0,0,1,0
2017-05-27 16:00:00+00:00,31.0,66.0,36.0,16,0,0,0,0,0,0,0,0,0,0,0,0,0,0,0,0,1,0,0,0,0,0,0,0,0,0,1,0
2017-05-27 17:00:00+00:00,31.0,66.0,36.33333333,17,0,0,0,0,0,0,0,0,0,0,0,0,0,0,0,0,0,1,0,0,0,0,0,0,0,0,1,0
2017-05-27 18:00:00+00:00,30.0,70.0,33.83333333,18,0,0,0,0,0,0,0,0,0,0,0,0,0,0,0,0,0,0,1,0,0,0,0,0,0,0,0,1
2017-05-27 19:00:00+00:00,29.0,74.0,46.5,19,0,0,0,0,0,0,0,0,0,0,0,0,0,0,0,0,0,0,0,1,0,0,0,0,0,0,0,1
2017-05-27 20:00:00+00:00,27.0,89.0,41.0,20,0,0,0,0,0,0,0,0,0,0,0,0,0,0,0,0,0,0,0,0,1,0,0,0,0,0,0,1
2017-05-27 21:00:00+00:00,27.0,89.0,39.0,21,0,0,0,0,0,0,0,0,0,0,0,0,0,0,0,0,0,0,0,0,0,1,0,0,0,0,0,1
2017-05-27 22:00:00+00:00,26.0,94.0,37.66666667,22,0,0,0,0,0,0,0,0,0,0,0,0,0,0,0,0,0,0,0,0,0,0,1,0,0,0,0,1
2017-05-27 23:00:00+00:00,25.0,100.0,31.33333333,23,0,0,0,0,0,0,0,0,0,0,0,0,0,0,0,0,0,0,0,0,0,0,0,1,0,0,0,1
2017-05-28 00:00:00+00:00,25.0,100.0,29.66666667,0,1,0,0,0,0,0,0,0,0,0,0,0,0,0,0,0,0,0,0,0,0,0,0,0,1,0,0,0
2017-05-28 01:00:00+00:00,25.0,100.0,27.33333333,1,0,1,0,0,0,0,0,0,0,0,0,0,0,0,0,0,0,0,0,0,0,0,0,0,1,0,0,0
2017-05-28 02:00:00+00:00,24.0,100.0,25.83333333,2,0,0,1,0,0,0,0,0,0,0,0,0,0,0,0,0,0,0,0,0,0,0,0,0,1,0,0,0
2017-05-28 03:00:00+00:00,24.0,100.0,23.33333333,3,0,0,0,1,0,0,0,0,0,0,0,0,0,0,0,0,0,0,0,0,0,0,0,0,1,0,0,0
2017-05-28 04:00:00+00:00,24.0,100.0,22.33333333,4,0,0,0,0,1,0,0,0,0,0,0,0,0,0,0,0,0,0,0,0,0,0,0,0,1,0,0,0
2017-05-28 05:00:00+00:00,24.0,100.0,21.83333333,5,0,0,0,0,0,1,0,0,0,0,0,0,0,0,0,0,0,0,0,0,0,0,0,0,1,0,0,0
2017-05-28 06:00:00+00:00,24.0,100.0,19.33333333,6,0,0,0,0,0,0,1,0,0,0,0,0,0,0,0,0,0,0,0,0,0,0,0,0,0,1,0,0
2017-05-28 07:00:00+00:00,25.0,65.0,23.66666667,7,0,0,0,0,0,0,0,1,0,0,0,0,0,0,0,0,0,0,0,0,0,0,0,0,0,1,0,0
2017-05-28 08:00:00+00:00,25.0,100.0,25.5,8,0,0,0,0,0,0,0,0,1,0,0,0,0,0,0,0,0,0,0,0,0,0,0,0,0,1,0,0
2017-05-28 09:00:00+00:00,26.0,94.0,26.83333333,9,0,0,0,0,0,0,0,0,0,1,0,0,0,0,0,0,0,0,0,0,0,0,0,0,0,1,0,0
2017-05-28 10:00:00+00:00,27.0,89.0,30.16666667,10,0,0,0,0,0,0,0,0,0,0,1,0,0,0,0,0,0,0,0,0,0,0,0,0,0,1,0,0
2017-05-28 11:00:00+00:00,27.0,79.0,24.66666667,11,0,0,0,0,0,0,0,0,0,0,0,1,0,0,0,0,0,0,0,0,0,0,0,0,0,1,0,0
2017-05-28 12:00:00+00:00,28.0,70.0,21.5,12,0,0,0,0,0,0,0,0,0,0,0,0,1,0,0,0,0,0,0,0,0,0,0,0,0,0,1,0
2017-05-28 13:00:00+00:00,29.0,74.0,26.5,13,0,0,0,0,0,0,0,0,0,0,0,0,0,1,0,0,0,0,0,0,0,0,0,0,0,0,1,0
2017-05-28 14:00:00+00:00,29.0,62.0,28.83333333,14,0,0,0,0,0,0,0,0,0,0,0,0,0,0,1,0,0,0,0,0,0,0,0,0,0,0,1,0
2017-05-28 15:00:00+00:00,29.0,66.0,25.16666667,15,0,0,0,0,0,0,0,0,0,0,0,0,0,0,0,1,0,0,0,0,0,0,0,0,0,0,1,0
2017-05-28 16:00:00+00:00,29.0,66.0,21.5,16,0,0,0,0,0,0,0,0,0,0,0,0,0,0,0,0,1,0,0,0,0,0,0,0,0,0,1,0
2017-05-28 17:00:00+00:00,28.0,70.0,24.83333333,17,0,0,0,0,0,0,0,0,0,0,0,0,0,0,0,0,0,1,0,0,0,0,0,0,0,0,1,0
2017-05-28 18:00:00+00:00,28.0,74.0,28.83333333,18,0,0,0,0,0,0,0,0,0,0,0,0,0,0,0,0,0,0,1,0,0,0,0,0,0,0,0,1
2017-05-28 19:00:00+00:00,27.0,79.0,39.16666667,19,0,0,0,0,0,0,0,0,0,0,0,0,0,0,0,0,0,0,0,1,0,0,0,0,0,0,0,1
2017-05-28 20:00:00+00:00,26.0,83.0,45.16666667,20,0,0,0,0,0,0,0,0,0,0,0,0,0,0,0,0,0,0,0,0,1,0,0,0,0,0,0,1
2017-05-28 21:00:00+00:00,25.0,89.0,47.0,21,0,0,0,0,0,0,0,0,0,0,0,0,0,0,0,0,0,0,0,0,0,1,0,0,0,0,0,1
2017-05-28 22:00:00+00:00,25.0,89.0,39.33333333,22,0,0,0,0,0,0,0,0,0,0,0,0,0,0,0,0,0,0,0,0,0,0,1,0,0,0,0,1
2017-05-28 23:00:00+00:00,24.0,94.0,32.16666667,23,0,0,0,0,0,0,0,0,0,0,0,0,0,0,0,0,0,0,0,0,0,0,0,1,0,0,0,1
2017-05-29 00:00:00+00:00,24.0,94.0,27.0,0,1,0,0,0,0,0,0,0,0,0,0,0,0,0,0,0,0,0,0,0,0,0,0,0,1,0,0,0
2017-05-29 01:00:00+00:00,24.0,94.0,26.83333333,1,0,1,0,0,0,0,0,0,0,0,0,0,0,0,0,0,0,0,0,0,0,0,0,0,1,0,0,0
2017-05-29 02:00:00+00:00,23.0,100.0,26.66666667,2,0,0,1,0,0,0,0,0,0,0,0,0,0,0,0,0,0,0,0,0,0,0,0,0,1,0,0,0
2017-05-29 03:00:00+00:00,24.0,94.0,24.66666667,3,0,0,0,1,0,0,0,0,0,0,0,0,0,0,0,0,0,0,0,0,0,0,0,0,1,0,0,0
2017-05-29 04:00:00+00:00,24.0,94.0,22.5,4,0,0,0,0,1,0,0,0,0,0,0,0,0,0,0,0,0,0,0,0,0,0,0,0,1,0,0,0
2017-05-29 05:00:00+00:00,23.0,100.0,24.33333333,5,0,0,0,0,0,1,0,0,0,0,0,0,0,0,0,0,0,0,0,0,0,0,0,0,1,0,0,0
2017-05-29 06:00:00+00:00,23.0,100.0,20.33333333,6,0,0,0,0,0,0,1,0,0,0,0,0,0,0,0,0,0,0,0,0,0,0,0,0,0,1,0,0
2017-05-29 07:00:00+00:00,25.0,94.0,22.5,7,0,0,0,0,0,0,0,1,0,0,0,0,0,0,0,0,0,0,0,0,0,0,0,0,0,1,0,0
2017-05-29 08:00:00+00:00,26.0,89.0,21.66666667,8,0,0,0,0,0,0,0,0,1,0,0,0,0,0,0,0,0,0,0,0,0,0,0,0,0,1,0,0
2017-05-29 09:00:00+00:00,27.0,84.0,25.83333333,9,0,0,0,0,0,0,0,0,0,1,0,0,0,0,0,0,0,0,0,0,0,0,0,0,0,1,0,0
2017-05-29 10:00:00+00:00,28.0,79.0,27.66666667,10,0,0,0,0,0,0,0,0,0,0,1,0,0,0,0,0,0,0,0,0,0,0,0,0,0,1,0,0
2017-05-29 11:00:00+00:00,29.0,70.0,25.0,11,0,0,0,0,0,0,0,0,0,0,0,1,0,0,0,0,0,0,0,0,0,0,0,0,0,1,0,0
2017-05-29 12:00:00+00:00,30.0,62.0,25.0,12,0,0,0,0,0,0,0,0,0,0,0,0,1,0,0,0,0,0,0,0,0,0,0,0,0,0,1,0
2017-05-29 13:00:00+00:00,30.0,62.0,23.0,13,0,0,0,0,0,0,0,0,0,0,0,0,0,1,0,0,0,0,0,0,0,0,0,0,0,0,1,0
2017-05-29 14:00:00+00:00,30.0,62.0,24.33333333,14,0,0,0,0,0,0,0,0,0,0,0,0,0,0,1,0,0,0,0,0,0,0,0,0,0,0,1,0
2017-05-29 15:00:00+00:00,31.0,58.0,27.66666667,15,0,0,0,0,0,0,0,0,0,0,0,0,0,0,0,1,0,0,0,0,0,0,0,0,0,0,1,0
2017-05-29 16:00:00+00:00,30.0,62.0,26.66666667,16,0,0,0,0,0,0,0,0,0,0,0,0,0,0,0,0,1,0,0,0,0,0,0,0,0,0,1,0
2017-05-29 17:00:00+00:00,29.0,70.0,24.0,17,0,0,0,0,0,0,0,0,0,0,0,0,0,0,0,0,0,1,0,0,0,0,0,0,0,0,1,0
2017-05-29 18:00:00+00:00,29.0,70.0,29.33333333,18,0,0,0,0,0,0,0,0,0,0,0,0,0,0,0,0,0,0,1,0,0,0,0,0,0,0,0,1
2017-05-29 19:00:00+00:00,29.0,74.0,40.33333333,19,0,0,0,0,0,0,0,0,0,0,0,0,0,0,0,0,0,0,0,1,0,0,0,0,0,0,0,1
2017-05-29 20:00:00+00:00,25.0,100.0,43.16666667,20,0,0,0,0,0,0,0,0,0,0,0,0,0,0,0,0,0,0,0,0,1,0,0,0,0,0,0,1
2017-05-29 21:00:00+00:00,25.0,100.0,42.16666667,21,0,0,0,0,0,0,0,0,0,0,0,0,0,0,0,0,0,0,0,0,0,1,0,0,0,0,0,1
2017-05-29 22:00:00+00:00,25.0,100.0,39.16666667,22,0,0,0,0,0,0,0,0,0,0,0,0,0,0,0,0,0,0,0,0,0,0,1,0,0,0,0,1
2017-05-29 23:00:00+00:00,25.0,65.0,32.5,23,0,0,0,0,0,0,0,0,0,0,0,0,0,0,0,0,0,0,0,0,0,0,0,1,0,0,0,1
2017-05-30 00:00:00+00:00,25.0,65.0,29.5,0,1,0,0,0,0,0,0,0,0,0,0,0,0,0,0,0,0,0,0,0,0,0,0,0,1,0,0,0
2017-05-30 01:00:00+00:00,25.0,100.0,27.16666667,1,0,1,0,0,0,0,0,0,0,0,0,0,0,0,0,0,0,0,0,0,0,0,0,0,1,0,0,0
2017-05-30 02:00:00+00:00,25.0,65.0,26.16666667,2,0,0,1,0,0,0,0,0,0,0,0,0,0,0,0,0,0,0,0,0,0,0,0,0,1,0,0,0
2017-05-30 03:00:00+00:00,25.0,65.0,25.83333333,3,0,0,0,1,0,0,0,0,0,0,0,0,0,0,0,0,0,0,0,0,0,0,0,0,1,0,0,0
2017-05-30 04:00:00+00:00,24.0,100.0,24.83333333,4,0,0,0,0,1,0,0,0,0,0,0,0,0,0,0,0,0,0,0,0,0,0,0,0,1,0,0,0
2017-05-30 05:00:00+00:00,24.0,100.0,25.16666667,5,0,0,0,0,0,1,0,0,0,0,0,0,0,0,0,0,0,0,0,0,0,0,0,0,1,0,0,0
2017-05-30 06:00:00+00:00,24.0,100.0,24.33333333,6,0,0,0,0,0,0,1,0,0,0,0,0,0,0,0,0,0,0,0,0,0,0,0,0,0,1,0,0
2017-05-30 07:00:00+00:00,24.0,100.0,20.33333333,7,0,0,0,0,0,0,0,1,0,0,0,0,0,0,0,0,0,0,0,0,0,0,0,0,0,1,0,0
2017-05-30 08:00:00+00:00,24.0,100.0,22.33333333,8,0,0,0,0,0,0,0,0,1,0,0,0,0,0,0,0,0,0,0,0,0,0,0,0,0,1,0,0
2017-05-30 09:00:00+00:00,25.0,100.0,29.66666667,9,0,0,0,0,0,0,0,0,0,1,0,0,0,0,0,0,0,0,0,0,0,0,0,0,0,1,0,0
2017-05-30 10:00:00+00:00,25.0,65.0,25.66666667,10,0,0,0,0,0,0,0,0,0,0,1,0,0,0,0,0,0,0,0,0,0,0,0,0,0,1,0,0
2017-05-30 11:00:00+00:00,28.0,84.0,25.66666667,11,0,0,0,0,0,0,0,0,0,0,0,1,0,0,0,0,0,0,0,0,0,0,0,0,0,1,0,0
2017-05-30 12:00:00+00:00,29.0,74.0,22.83333333,12,0,0,0,0,0,0,0,0,0,0,0,0,1,0,0,0,0,0,0,0,0,0,0,0,0,0,1,0
2017-05-30 13:00:00+00:00,29.0,79.0,22.5,13,0,0,0,0,0,0,0,0,0,0,0,0,0,1,0,0,0,0,0,0,0,0,0,0,0,0,1,0
2017-05-30 14:00:00+00:00,26.0,94.0,28.16666667,14,0,0,0,0,0,0,0,0,0,0,0,0,0,0,1,0,0,0,0,0,0,0,0,0,0,0,1,0
2017-05-30 15:00:00+00:00,28.0,84.0,25.33333333,15,0,0,0,0,0,0,0,0,0,0,0,0,0,0,0,1,0,0,0,0,0,0,0,0,0,0,1,0
2017-05-30 16:00:00+00:00,29.0,79.0,28.5,16,0,0,0,0,0,0,0,0,0,0,0,0,0,0,0,0,1,0,0,0,0,0,0,0,0,0,1,0
2017-05-30 17:00:00+00:00,30.0,74.0,28.16666667,17,0,0,0,0,0,0,0,0,0,0,0,0,0,0,0,0,0,1,0,0,0,0,0,0,0,0,1,0
2017-05-30 18:00:00+00:00,29.0,74.0,30.0,18,0,0,0,0,0,0,0,0,0,0,0,0,0,0,0,0,0,0,1,0,0,0,0,0,0,0,0,1
2017-05-30 19:00:00+00:00,27.0,84.0,39.33333333,19,0,0,0,0,0,0,0,0,0,0,0,0,0,0,0,0,0,0,0,1,0,0,0,0,0,0,0,1
2017-05-30 20:00:00+00:00,26.0,94.0,42.5,20,0,0,0,0,0,0,0,0,0,0,0,0,0,0,0,0,0,0,0,0,1,0,0,0,0,0,0,1
2017-05-30 21:00:00+00:00,26.0,89.0,40.0,21,0,0,0,0,0,0,0,0,0,0,0,0,0,0,0,0,0,0,0,0,0,1,0,0,0,0,0,1
2017-05-30 22:00:00+00:00,25.0,100.0,37.83333333,22,0,0,0,0,0,0,0,0,0,0,0,0,0,0,0,0,0,0,0,0,0,0,1,0,0,0,0,1
2017-05-30 23:00:00+00:00,25.0,100.0,29.5,23,0,0,0,0,0,0,0,0,0,0,0,0,0,0,0,0,0,0,0,0,0,0,0,1,0,0,0,1
2017-05-31 00:00:00+00:00,25.0,100.0,26.66666667,0,1,0,0,0,0,0,0,0,0,0,0,0,0,0,0,0,0,0,0,0,0,0,0,0,1,0,0,0
2017-05-31 01:00:00+00:00,25.0,100.0,25.83333333,1,0,1,0,0,0,0,0,0,0,0,0,0,0,0,0,0,0,0,0,0,0,0,0,0,1,0,0,0
2017-05-31 02:00:00+00:00,25.0,65.0,24.5,2,0,0,1,0,0,0,0,0,0,0,0,0,0,0,0,0,0,0,0,0,0,0,0,0,1,0,0,0
2017-05-31 03:00:00+00:00,25.0,65.0,24.33333333,3,0,0,0,1,0,0,0,0,0,0,0,0,0,0,0,0,0,0,0,0,0,0,0,0,1,0,0,0
2017-05-31 04:00:00+00:00,25.0,100.0,23.16666667,4,0,0,0,0,1,0,0,0,0,0,0,0,0,0,0,0,0,0,0,0,0,0,0,0,1,0,0,0
2017-05-31 05:00:00+00:00,25.0,65.0,25.0,5,0,0,0,0,0,1,0,0,0,0,0,0,0,0,0,0,0,0,0,0,0,0,0,0,1,0,0,0
2017-05-31 06:00:00+00:00,25.0,100.0,22.33333333,6,0,0,0,0,0,0,1,0,0,0,0,0,0,0,0,0,0,0,0,0,0,0,0,0,0,1,0,0
2017-05-31 07:00:00+00:00,25.0,100.0,22.83333333,7,0,0,0,0,0,0,0,1,0,0,0,0,0,0,0,0,0,0,0,0,0,0,0,0,0,1,0,0
2017-05-31 08:00:00+00:00,25.0,100.0,23.5,8,0,0,0,0,0,0,0,0,1,0,0,0,0,0,0,0,0,0,0,0,0,0,0,0,0,1,0,0
2017-05-31 09:00:00+00:00,26.0,94.0,23.33333333,9,0,0,0,0,0,0,0,0,0,1,0,0,0,0,0,0,0,0,0,0,0,0,0,0,0,1,0,0
2017-05-31 10:00:00+00:00,28.0,84.0,21.16666667,10,0,0,0,0,0,0,0,0,0,0,1,0,0,0,0,0,0,0,0,0,0,0,0,0,0,1,0,0
2017-05-31 11:00:00+00:00,29.0,79.0,25.16666667,11,0,0,0,0,0,0,0,0,0,0,0,1,0,0,0,0,0,0,0,0,0,0,0,0,0,1,0,0
2017-05-31 12:00:00+00:00,30.0,74.0,23.0,12,0,0,0,0,0,0,0,0,0,0,0,0,1,0,0,0,0,0,0,0,0,0,0,0,0,0,1,0
2017-05-31 13:00:00+00:00,32.0,66.0,21.33333333,13,0,0,0,0,0,0,0,0,0,0,0,0,0,1,0,0,0,0,0,0,0,0,0,0,0,0,1,0
2017-05-31 14:00:00+00:00,32.0,70.0,25.16666667,14,0,0,0,0,0,0,0,0,0,0,0,0,0,0,1,0,0,0,0,0,0,0,0,0,0,0,1,0
2017-05-31 15:00:00+00:00,32.0,70.0,24.83333333,15,0,0,0,0,0,0,0,0,0,0,0,0,0,0,0,1,0,0,0,0,0,0,0,0,0,0,1,0
2017-05-31 16:00:00+00:00,31.0,70.0,22.16666667,16,0,0,0,0,0,0,0,0,0,0,0,0,0,0,0,0,1,0,0,0,0,0,0,0,0,0,1,0
2017-05-31 17:00:00+00:00,25.0,100.0,29.16666667,17,0,0,0,0,0,0,0,0,0,0,0,0,0,0,0,0,0,1,0,0,0,0,0,0,0,0,1,0
2017-05-31 18:00:00+00:00,24.0,100.0,32.66666667,18,0,0,0,0,0,0,0,0,0,0,0,0,0,0,0,0,0,0,1,0,0,0,0,0,0,0,0,1
2017-05-31 19:00:00+00:00,25.0,100.0,41.0,19,0,0,0,0,0,0,0,0,0,0,0,0,0,0,0,0,0,0,0,1,0,0,0,0,0,0,0,1
2017-05-31 20:00:00+00:00,24.0,100.0,44.66666667,20,0,0,0,0,0,0,0,0,0,0,0,0,0,0,0,0,0,0,0,0,1,0,0,0,0,0,0,1
2017-05-31 21:00:00+00:00,24.0,100.0,39.5,21,0,0,0,0,0,0,0,0,0,0,0,0,0,0,0,0,0,0,0,0,0,1,0,0,0,0,0,1
2017-05-31 22:00:00+00:00,24.0,100.0,35.33333333,22,0,0,0,0,0,0,0,0,0,0,0,0,0,0,0,0,0,0,0,0,0,0,1,0,0,0,0,1
2017-05-31 23:00:00+00:00,24.0,100.0,29.66666667,23,0,0,0,0,0,0,0,0,0,0,0,0,0,0,0,0,0,0,0,0,0,0,0,1,0,0,0,1
2017-06-01 00:00:00+00:00,25.0,65.0,27.0,0,1,0,0,0,0,0,0,0,0,0,0,0,0,0,0,0,0,0,0,0,0,0,0,0,1,0,0,0
2017-06-01 01:00:00+00:00,25.0,65.0,25.16666667,1,0,1,0,0,0,0,0,0,0,0,0,0,0,0,0,0,0,0,0,0,0,0,0,0,1,0,0,0
2017-06-01 02:00:00+00:00,25.0,65.0,24.5,2,0,0,1,0,0,0,0,0,0,0,0,0,0,0,0,0,0,0,0,0,0,0,0,0,1,0,0,0
2017-06-01 03:00:00+00:00,25.0,65.0,23.0,3,0,0,0,1,0,0,0,0,0,0,0,0,0,0,0,0,0,0,0,0,0,0,0,0,1,0,0,0
2017-06-01 04:00:00+00:00,25.0,65.0,23.33333333,4,0,0,0,0,1,0,0,0,0,0,0,0,0,0,0,0,0,0,0,0,0,0,0,0,1,0,0,0
2017-06-01 05:00:00+00:00,25.0,65.0,23.83333333,5,0,0,0,0,0,1,0,0,0,0,0,0,0,0,0,0,0,0,0,0,0,0,0,0,1,0,0,0
